dish_id,actual,predicted
dish_1561662054,37.79379538048953,37.333908
dish_1560455030,12.172695491222939,11.969419
dish_1561575474,16.99509533587721,16.18187
dish_1565972591,0.0,0.9111936
dish_1550876012,100.0,98.04412
dish_1563381680,0.0,0.0
dish_1562611680,42.176680453547654,51.712337
dish_1568144828,11.835535167880494,11.108143
dish_1550708440,0.0,0.54415953
dish_1551307090,0.0,0.0
dish_1560453174,79.54885399428491,77.97022
dish_1551226363,23.04766898940332,22.091202
dish_1558549773,27.523681926039515,26.408161
dish_1563822597,22.48362797143919,20.874624
dish_1551489812,0.0,0.43481395
dish_1566417516,54.04080626467734,49.141155
dish_1563996485,20.37544704006325,20.075153
dish_1563998210,56.40371527746495,55.04838
dish_1558459115,0.0,0.00017944723
dish_1564082178,61.04539082809889,57.931057
dish_1558723777,0.0,0.280176
dish_1562873028,66.26668682708959,57.208553
dish_1558115867,0.0,0.0
dish_1561580370,0.0,3.5896912
dish_1566502211,30.42969961734312,30.18743
dish_1551563213,85.9214032989778,87.0045
dish_1550775318,0.0,0.0
dish_1565383026,14.542909625311765,15.396209
dish_1558642089,11.993983525555564,10.564704
dish_1558723866,18.22936730264655,17.982727
dish_1551380950,0.0,0.23544502
dish_1559319860,0.0,0.0
dish_1559242568,0.0,0.0
dish_1563824339,13.942700033576173,12.909336
dish_1562094621,18.22936730264655,17.851564
dish_1550707156,0.0,0.3858258
dish_1560527191,0.0,1.0882773
dish_1558546663,0.0,0.0
dish_1551393210,0.0,0.0
dish_1568314823,0.0,0.0
dish_1563468299,26.876093469513208,23.79001
dish_1551323574,0.0,1.607753
dish_1551491271,74.5101727436982,73.876305
dish_1558723414,0.0,0.43070272
dish_1562691674,69.29308192038201,69.21424
dish_1562602860,38.564392133719586,37.88057
dish_1568217372,0.0,0.22013198
dish_1563395480,100.0,100.0
dish_1558719994,0.0,0.0
dish_1562960520,73.2753888611344,65.24476
dish_1566488928,0.0,0.3487832
dish_1558031302,0.0,0.70193344
dish_1563910171,86.5105870368395,80.052
dish_1551392590,29.4417981085669,29.501255
dish_1558116201,0.0,0.17310062
dish_1550777469,0.0,0.0
dish_1562008813,14.389628989964223,13.990436
dish_1551391710,0.0,0.0
dish_1568061202,0.0,2.6476097
dish_1562785132,7.9535657093767895,10.175962
dish_1559233102,0.0,1.4426259
dish_1558639787,18.22936730264655,17.982727
dish_1567542876,0.0,0.48797804
dish_1561577573,0.0,0.0
dish_1550776957,0.0,0.0
dish_1551395800,0.0,0.3037882
dish_1558115011,0.0,0.0
dish_1565638323,11.899146563842109,10.178954
dish_1550773394,19.772353138321265,19.07154
dish_1566416421,31.944158407799122,30.630333
dish_1561661347,24.744871633515572,21.75541
dish_1566931586,100.0,100.0
dish_1551493723,0.0,0.17310062
dish_1563908923,30.429695407630675,30.18743
dish_1551318068,0.0,0.1978637
dish_1561061687,100.0,99.70602
dish_1558115448,0.0,0.17974718
dish_1551228830,0.0,0.09844565
dish_1561575613,0.0,0.33003816
dish_1566245437,89.47253736656208,93.26601
dish_1550706583,54.35680623461601,54.227432
dish_1558639335,0.0,0.280176
dish_1563382953,11.437900623339473,5.2056684
dish_1550710342,100.0,99.86948
dish_1558725403,0.0,0.0
dish_1550710715,0.0,0.0
dish_1551303476,10.88909613577404,22.33403
dish_1550776767,0.0,0.0
dish_1551141628,0.0,0.09844565
dish_1551123986,10.752762941119556,10.3455305
dish_1550788827,6.7723579696316705,4.724945
dish_1558628921,11.993983525555564,10.564704
dish_1561662814,0.0,3.187784
dish_1560366438,18.97111287936832,19.244232
dish_1566931140,18.66510654560659,17.62096
dish_1560360112,0.0,0.8480172
dish_1550788264,0.0,0.280176
dish_1562611853,25.088305452503775,18.580128
dish_1551374560,0.0,0.6681441
dish_1560369146,58.36617928100576,57.69475
dish_1562783691,100.0,99.634964
dish_1565023128,0.0,0.0
dish_1559158354,23.04766898940332,22.091202
dish_1562007842,19.752396801623092,16.241236
dish_1561580431,91.8317363747251,94.13686
dish_1562788010,17.016979336117913,15.167084
dish_1562702853,0.0,1.1576908
dish_1565627751,0.0,0.15269428
dish_1562861174,10.363328391429661,7.8532114
dish_1567785165,0.0,0.5966494
dish_1551567604,0.0,0.6988585
dish_1564083459,0.0,0.1026103
dish_1558637865,0.0,0.43070272
dish_1563997327,0.0,0.5942703
dish_1566934120,46.78094904433689,45.34457
dish_1563910639,62.32175841184336,61.236496
dish_1559244649,0.0,3.8376932
dish_1563998513,98.0387168771768,99.67967
dish_1551142128,0.0,0.54415953
dish_1562170356,0.0,1.352206
dish_1562963517,18.090651415124867,12.49756
dish_1551376892,0.0,0.12118036
dish_1561492161,0.0,0.6318943
dish_1562691064,1.4240158374421554,4.078809
dish_1562777000,0.0,1.4426259
dish_1563220109,4.837411296521651,4.278973
dish_1562096542,18.87019313351874,18.29554
dish_1562961588,0.0,0.0
dish_1563823860,17.05294694586263,15.606054
dish_1565640601,100.0,100.0
dish_1561753275,94.7428048512988,95.87323
dish_1550875968,11.367234352162683,10.844174
dish_1564170071,13.285301349780326,12.049275
dish_1561667430,0.0,1.1221262
dish_1550771387,8.529134307148283,8.521519
dish_1565032680,0.0,0.3956517
dish_1561134128,5.054586878357171,6.746514
dish_1558550218,0.0,0.74486846
dish_1562963006,16.87300664993596,12.167157
dish_1550795361,0.0,0.70193344
dish_1560541760,99.90000128500098,100.0
dish_1551313896,0.0,0.90422714
dish_1564687090,67.46300404156119,66.95479
dish_1565725244,100.0,100.0
dish_1563302447,96.44559028239122,98.11094
dish_1562872150,29.4417981085669,29.501255
dish_1566246415,21.377615842724794,20.722406
dish_1550796686,0.0,0.280176
dish_1562613403,61.318309363648495,58.31428
dish_1551389387,0.0,0.0
dish_1563391708,0.0,0.0
dish_1563378660,0.0,1.0494157
dish_1551236550,0.0,0.20790292
dish_1563566810,0.0,0.0
dish_1561148042,21.746034411773053,26.67567
dish_1562614895,23.04766898940332,22.091202
dish_1568313487,21.377615842724794,20.722406
dish_1568143612,18.492206573099253,14.546531
dish_1566590007,17.55008515156183,15.366198
dish_1566844850,55.489401130450354,46.409653
dish_1561752481,0.0,4.029249
dish_1551233610,0.0,0.88728184
dish_1550876969,0.0,0.0
dish_1550788591,54.127500453328054,51.869495
dish_1550796731,11.367234352162683,10.844174
dish_1558468401,0.0,0.0
dish_1560798785,24.920391928801138,17.332787
dish_1565379377,100.0,100.0
dish_1565725123,100.0,99.89045
dish_1550705786,0.0,0.0
dish_1551378449,0.0,1.6473893
dish_1564160161,0.0,0.0
dish_1565207896,75.27598029212885,75.91966
dish_1560788338,100.0,97.31226
dish_1550710542,34.01614007231552,32.95646
dish_1558115364,17.206627287817838,13.70743
dish_1563811662,69.80679590451771,68.92279
dish_1563478751,5.415929373998836,8.369614
dish_1561148021,0.0,6.327575
dish_1558381860,0.0,0.0
dish_1568315988,100.0,100.0
dish_1551122614,32.46510198643581,31.653831
dish_1558723073,11.993983525555564,11.617705
dish_1550713174,0.0,0.82698256
dish_1564685450,0.0,0.0
dish_1551226013,32.46510198643581,31.653831
dish_1565023182,0.0,0.45096084
dish_1551236657,29.4417981085669,29.501255
dish_1558027057,0.0,0.09299142
dish_1551490433,21.377615842724794,20.520035
dish_1560887457,0.0,0.0
dish_1567625343,15.783871884924238,12.856202
dish_1568405430,0.0,3.6684556
dish_1558468589,29.4417981085669,29.501255
dish_1558468435,23.04766898940332,22.091202
dish_1551564543,0.0,0.43481395
dish_1566931650,88.60573005185616,92.74335
dish_1551318377,0.0,0.0
dish_1566230222,100.0,99.57277
dish_1551221801,6.7723579696316705,4.724945
dish_1561666640,0.0,0.16838989
dish_1561665706,0.0,0.0
dish_1558636028,0.0,0.26105937
dish_1564685229,0.0,0.646577
dish_1566587102,73.0471903256639,69.35956
dish_1551225714,0.0,0.20442723
dish_1562603536,0.0,0.0
dish_1564170098,12.35500278066111,13.061389
dish_1563910276,62.32177630733115,61.236496
dish_1558722322,11.993983525555564,10.564704
dish_1566419546,0.0,0.0
dish_1561580322,33.541276008890094,33.851723
dish_1563480534,82.21260424395312,79.01044
dish_1566501153,0.0,0.7088979
dish_1562008936,30.429695407630675,30.18743
dish_1550791822,0.0,0.49460885
dish_1551135590,19.772353138321265,19.07154
dish_1560801041,0.0,4.611432
dish_1563897047,100.0,99.57277
dish_1550772314,42.05541461594676,40.073524
dish_1558381084,0.0,0.17974718
dish_1551564221,0.0,0.12118036
dish_1550773949,0.0,0.0
dish_1551492732,0.0,0.43481395
dish_1566500988,17.433418781841382,15.262783
dish_1565119439,0.0,0.0
dish_1564775147,0.0,0.90230536
dish_1568217325,0.0,0.7322443
dish_1565640868,100.0,100.0
dish_1551373181,0.0,0.19251758
dish_1558114937,21.377615842724794,20.722406
dish_1558379182,0.0,0.0
dish_1563389413,23.04766898940332,22.091202
dish_1561579673,53.37687462915945,51.729107
dish_1551226101,0.0,0.11642402
dish_1568132601,8.374317982918043,7.068941
dish_1558628956,69.50697964008373,68.62164
dish_1567537422,16.81543209241471,15.445034
dish_1561579576,15.092011906951186,13.456375
dish_1551377094,0.0,0.68806297
dish_1563827482,22.823228229339378,21.077414
dish_1551322577,0.0,0.68806297
dish_1551390802,0.0,0.68806297
dish_1550785404,11.993983525555564,10.564704
dish_1558630737,18.22936730264655,17.982727
dish_1568405499,71.46254567473889,70.247505
dish_1563216659,100.0,100.0
dish_1558723568,0.0,0.27984768
dish_1558026623,9.559696052143096,9.60365
dish_1562008429,49.26972193499772,46.18064
dish_1565637578,87.01191258786147,75.53811
dish_1561578898,0.0,0.0
dish_1561404956,100.0,99.532364
dish_1558638844,0.0,0.280176
dish_1558379273,0.0,0.17310062
dish_1551142547,81.41022592062147,68.86077
dish_1563900205,42.36187811514408,41.000874
dish_1561580278,30.429695407630675,30.18743
dish_1550707357,0.0,1.607753
dish_1566316612,0.0,0.0
dish_1562945499,34.12906316556277,33.949837
dish_1560368162,14.938858235087409,13.9339
dish_1565031283,0.0,0.2743355
dish_1551565720,93.13501426961454,95.53225
dish_1550777713,11.367234352162683,10.844174
dish_1559232986,0.0,0.0
dish_1561578188,15.351888858125307,13.615629
dish_1551136396,55.297108523168106,56.337994
dish_1551222833,0.0,3.7566562
dish_1562690886,22.55200388280656,21.296215
dish_1551395766,0.0,0.3037882
dish_1560543625,100.0,99.698616
dish_1559932674,0.0,0.68806297
dish_1566931620,100.0,100.0
dish_1551493311,0.0,0.36491516
dish_1550711314,28.24917928784774,23.995125
dish_1551303285,0.0,0.49460885
dish_1561491180,53.67233912436249,50.224304
dish_1558725702,32.46510198643581,31.653831
dish_1562789240,0.0,0.0
dish_1550863078,0.0,0.5339175
dish_1560455380,21.705578244168464,21.30826
dish_1563897395,0.0,0.7030389
dish_1565382733,0.0,0.0
dish_1550708327,30.859945305651593,31.178318
dish_1563221443,0.0,0.0
dish_1562875211,0.0,1.3148977
dish_1561492519,0.0,9.1846075
dish_1561997248,0.0,0.0
dish_1558723719,0.0,0.0
dish_1550771191,0.0,0.0
dish_1562691566,72.62568124501476,75.22713
dish_1563909507,19.109706387949487,19.452448
dish_1566414723,65.62267798407237,62.195156
dish_1564589025,0.0,0.0
dish_1563822636,100.0,100.0
dish_1558115512,0.0,0.17310062
dish_1564588533,34.781299594581014,33.945457
dish_1558544427,0.0,0.72809714
dish_1564601569,9.791759260012498,8.2467
dish_1561480414,2.6860825405086644,4.001829
dish_1561407208,65.94427364336214,63.89526
dish_1564589308,0.0,0.0
dish_1558379391,0.0,0.7938435
dish_1550707056,0.0,0.17310062
dish_1551395396,21.377615842724794,20.520035
dish_1563897369,0.0,0.015769934
dish_1551565096,69.661896612182,54.927544
dish_1551324180,18.22936730264655,17.982727
dish_1550711688,12.633255783449258,11.902992
dish_1563908996,100.0,100.0
dish_1565035830,100.0,100.0
dish_1551224380,0.0,0.0
dish_1565898590,72.06783902156704,73.99536
dish_1558718974,0.0,0.0
dish_1551494147,0.0,0.0
dish_1551223394,0.0,0.27745846
dish_1550774895,0.0,0.0
dish_1550861458,0.0,1.8113747
dish_1566590987,35.91587809401062,43.69023
dish_1567110665,58.289231529163565,53.280727
dish_1559925174,0.0,0.4307308
dish_1550874829,0.0,0.0
dish_1550713423,12.633255783449258,11.902992
dish_1567019993,31.92909560356881,31.333857
dish_1565811335,24.633489487709113,22.125711
dish_1563221086,76.82617592357904,74.641335
dish_1551565068,69.66188557180564,54.927544
dish_1551392884,0.0,0.1978637
dish_1565036922,3.320051958709996,7.4698734
dish_1563220802,100.0,100.0
dish_1562691613,24.15080912893302,17.902082
dish_1559843222,0.0,0.0
dish_1560455421,44.242836656293235,49.87857
dish_1562959517,0.0,0.0
dish_1566413321,27.523681926039515,26.408161
dish_1561746876,0.0,1.8902746
dish_1562788732,7.953573979999518,10.175962
dish_1568060542,85.19354948352608,77.91612
dish_1566402095,100.0,98.00853
dish_1566501012,10.968485119113694,10.207753
dish_1550773284,0.0,0.50209194
dish_1562945779,0.0,0.0
dish_1566317775,0.0,1.9176217
dish_1558115915,0.0,0.17310062
dish_1558719298,0.0,0.0
dish_1550791214,27.076091895133374,27.036144
dish_1559589902,26.958001577556047,24.601711
dish_1567525681,0.0,0.31951892
dish_1565898361,0.0,1.7311708
dish_1560529825,0.0,0.79452944
dish_1562774504,0.0,0.9100499
dish_1562872945,53.60654582122314,43.89741
dish_1563996509,100.0,99.858086
dish_1561999287,22.552013742305718,21.296215
dish_1562700496,18.22936730264655,17.982727
dish_1559846034,23.04766898940332,22.091202
dish_1551233403,21.56515162448791,21.01741
dish_1562086740,0.0,0.40682986
dish_1561574974,12.506909144122204,12.052879
dish_1551379045,18.654453041171934,16.570902
dish_1562945900,0.0,0.0
dish_1561576212,0.0,0.0
dish_1551566464,18.22936730264655,17.982727
dish_1563218031,100.0,100.0
dish_1563823814,10.69967645584832,10.652358
dish_1560444914,9.82865638334458,9.814986
dish_1551221892,60.554481090328785,52.680466
dish_1566591048,0.0,3.9109511
dish_1565107066,0.0,1.4426259
dish_1561481577,0.0,0.0
dish_1561737839,0.0,0.4307308
dish_1550796152,0.0,0.0
dish_1561405887,41.87074207592368,48.95311
dish_1551381249,13.285301349780326,12.247465
dish_1559845637,0.0,0.70193344
dish_1558372695,0.0,0.17310062
dish_1558373074,100.0,99.17896
dish_1559849053,0.0,0.0
dish_1550795331,0.0,0.280176
dish_1568401199,86.56963705975728,80.530045
dish_1566332116,15.09522617226989,15.285753
dish_1551382115,0.0,0.49460885
dish_1550774244,0.0,0.19251758
dish_1565972363,100.0,99.57277
dish_1559319902,0.0,0.54415953
dish_1563996464,20.303504570123536,19.725964
dish_1561663990,61.04539057311178,57.931057
dish_1550710664,12.633255783449258,11.902992
dish_1562774159,0.0,0.59348434
dish_1560527950,10.150328776036659,10.190318
dish_1561062286,7.275034645718478,8.815871
dish_1551392752,0.0,1.9140502
dish_1551228715,17.25370423727641,21.915768
dish_1551566083,0.0,0.68806297
dish_1551133870,11.367234352162683,10.844174
dish_1562862550,26.946911307503854,14.356168
dish_1562687527,16.87152502420794,15.385272
dish_1565727765,22.849040311957836,21.072683
dish_1561404438,0.0,0.0
dish_1551323662,100.0,98.86032
dish_1551563925,74.51016997947956,73.876305
dish_1550772270,42.05541461594676,40.073524
dish_1551399449,0.0,0.0
dish_1560455224,0.0,3.908898
dish_1558641211,11.993983525555564,10.564704
dish_1567107049,0.0,0.0
dish_1567537457,34.385664610328405,27.764557
dish_1563305321,11.921133398086454,10.251407
dish_1558630600,0.0,0.280176
dish_1566328894,0.0,0.09228911
dish_1550712622,0.0,1.456346
dish_1567022147,15.070420733589415,13.78318
dish_1559841023,0.0,0.9111936
dish_1567542914,0.0,1.1220218
dish_1566931674,0.0,0.58606416
dish_1560270630,0.0,0.0
dish_1565898723,100.0,100.0
dish_1551393069,0.0,0.49460885
dish_1561997900,0.0,0.0
dish_1550771606,0.0,0.0
dish_1565107119,100.0,99.437645
dish_1565020755,0.0,0.0
dish_1565119642,24.344296749046634,22.139843
dish_1562950018,0.0,0.0
dish_1551493159,0.0,0.17310062
dish_1567801748,0.0,0.0
dish_1559844063,0.0,0.64011985
dish_1559848857,0.0,0.6993986
dish_1561407312,80.7308519526207,74.13405
dish_1562009894,0.0,0.0
dish_1568048053,0.0,0.0
dish_1558115282,100.0,99.17896
dish_1551235669,0.0,0.23544502
dish_1559158425,27.52368192603953,26.408161
dish_1551221853,18.22936730264655,17.982727
dish_1550793192,0.0,0.280176
dish_1560975491,30.429695407630675,30.18743
dish_1563813360,0.0,0.94961315
dish_1551317589,0.0,1.9140502
dish_1550861670,0.0,1.4426259
dish_1550779336,0.0,1.5478365
dish_1551319895,0.0,0.68806297
dish_1559240875,0.0,0.0
dish_1567785622,0.0,0.4307308
dish_1565809033,100.0,97.707085
dish_1568233403,21.377615842724794,20.722406
dish_1562785159,53.39998303887279,47.333645
dish_1560455179,14.438877335115848,14.067581
dish_1558637351,0.0,0.280176
dish_1565118096,100.0,99.75473
dish_1551235759,100.0,98.587105
dish_1550774815,0.0,0.4307308
dish_1562690144,0.0,0.57953763
dish_1558461760,11.993983525555564,11.617705
dish_1559751744,88.92944263442338,91.1614
dish_1550706237,0.0,0.0
dish_1563206409,0.0,0.06833135
dish_1565031338,54.88425769164818,52.997757
dish_1565382969,27.52368192603953,26.408161
dish_1560366998,10.319275916938324,10.023115
dish_1565896745,0.0,2.89859
dish_1550862908,0.0,0.4307308
dish_1551564423,11.993983525555564,10.564704
dish_1560526472,0.0,4.828069
dish_1550712877,0.0,0.644625
dish_1559844928,0.0,0.70193344
dish_1561480460,55.67697545220705,53.073452
dish_1551222527,18.22936730264655,17.982727
dish_1562602627,0.0,0.0
dish_1562788536,0.0,0.0
dish_1558113255,11.367234352162683,10.844174
dish_1550873434,54.35680462999063,54.227432
dish_1565811025,92.67065271518968,90.34965
dish_1566851584,0.0,12.990812
dish_1565020926,19.138161681509317,15.220348
dish_1562173411,0.0,0.5152985
dish_1559590130,96.02201452209084,96.72961
dish_1568047973,44.420982321813995,35.82561
dish_1565034681,0.0,0.0
dish_1565627800,98.3176111330597,95.370964
dish_1551379408,74.49470069399514,72.42275
dish_1562086037,0.0,0.4307308
dish_1550777256,0.0,0.56457925
dish_1551324331,100.0,100.0
dish_1558639673,11.993983525555564,11.617705
dish_1551567106,0.0,0.0
dish_1564073641,0.0,0.15269428
dish_1560874751,0.0,0.43004698
dish_1565981898,41.418873076598715,40.335922
dish_1551304456,0.0,0.0
dish_1558641358,18.22936730264655,17.982727
dish_1558724853,32.4651019864358,31.653831
dish_1562008476,100.0,100.0
dish_1550797094,23.04766898940332,22.091202
dish_1551234288,20.603132121891207,19.598854
dish_1564689138,0.0,0.0
dish_1563897938,0.0,0.0
dish_1562686548,26.116594206202976,18.42011
dish_1568229399,0.0,0.6318943
dish_1550859356,0.0,0.17310062
dish_1550862495,10.752762941119556,10.3455305
dish_1560453150,0.0,2.7406373
dish_1561749778,100.0,100.0
dish_1551563723,0.0,0.54415953
dish_1565383159,0.0,2.0089827
dish_1551375715,11.367234352162683,10.844174
dish_1561575192,19.499566775324823,19.817057
dish_1565207694,81.04958877565328,75.112144
dish_1560444637,0.0,0.35906348
dish_1558641253,0.0,0.43070272
dish_1559235771,0.0,1.0494157
dish_1562700593,69.67076483469233,69.68689
dish_1565382762,0.0,0.22910468
dish_1550712459,0.8581932276749171,18.376604
dish_1550777025,0.0,0.19251758
dish_1565208611,31.045138867444052,29.248796
dish_1551390528,18.22936730264655,17.982727
dish_1558380058,0.0,0.0
dish_1550793023,11.367234352162683,10.844174
dish_1551228478,0.0,0.6908117
dish_1550781280,23.04766898940332,22.091202
dish_1567108037,0.0,1.4655482
dish_1550778646,0.0,0.0
dish_1558630450,0.0,0.17974718
dish_1563827188,100.0,100.0
dish_1568305198,0.0,0.25389245
dish_1562875159,0.0,0.0
dish_1551224283,18.22936730264655,17.982727
dish_1558116547,100.0,99.17896
dish_1566501067,33.21349394856696,29.902622
dish_1558639979,0.0,0.0
dish_1560529804,10.150328776036659,10.190318
dish_1551394835,0.0,0.12118036
dish_1551493680,0.0,0.68806297
dish_1565726949,79.81494956927965,75.5051
dish_1563218987,0.0,0.0
dish_1551134622,0.0,0.09844565
dish_1551232686,74.51016580494542,73.876305
dish_1564170283,0.0,1.200028
dish_1565728494,0.0,0.0
dish_1558380152,100.0,99.17896
dish_1564082212,52.96612757057267,53.393562
dish_1551566642,11.993983525555564,10.564704
dish_1562614088,23.04766898940332,22.091202
dish_1563222850,41.14815977137627,43.771095
dish_1564775216,0.0,2.8364458
dish_1558630176,0.0,0.280176
dish_1565194781,86.3684010375051,83.738
dish_1568404850,0.0,0.73377085
dish_1563391333,11.91680760116762,12.000332
dish_1568666263,20.25460296147888,19.705187
dish_1567107989,0.0,5.132689
dish_1551399340,0.0,0.1978637
dish_1565638365,17.064498221343,13.3908415
dish_1550793245,0.0,0.0
dish_1551399402,0.0,0.0
dish_1551565168,18.22936730264655,17.982727
dish_1566589933,100.0,100.0
dish_1562617370,0.0,0.0
dish_1562788760,0.0,0.0
dish_1561662532,0.9165637944052776,5.2323656
dish_1551125258,32.46510198643581,31.653831
dish_1561577848,56.403735897408595,55.04838
dish_1551395194,100.0,99.73718
dish_1566244964,83.21105064626876,85.35051
dish_1559841127,86.97349106999553,89.21528
dish_1551564053,86.92299983595746,90.114426
dish_1561576652,14.576888724407482,13.073437
dish_1551390872,0.0,2.343948
dish_1559667948,0.0,1.0494157
dish_1561567086,0.0,0.0
dish_1551123072,11.367234352162683,10.844174
dish_1563303386,99.0526301797585,98.6836
dish_1567525744,0.0,2.6524525
dish_1564590226,0.0,0.0
dish_1550706096,19.772353138321265,19.07154
dish_1559243139,11.921131797480086,10.251407
dish_1550712585,19.772353138321265,19.07154
dish_1562702091,14.809343022830845,14.646166
dish_1563304881,53.65883715291491,53.496124
dish_1565641844,0.0,0.09228911
dish_1562700931,15.874989086816129,16.583984
dish_1558724766,0.0,0.280176
dish_1551225541,32.38693205274221,32.315533
dish_1561576737,98.61813458694348,98.39564
dish_1550712486,0.8581932276749171,18.376604
dish_1551304571,0.0,1.4426259
dish_1563465805,0.0,0.0
dish_1560888849,60.95479671075636,57.041115
dish_1550771330,0.0,1.4426259
dish_1551321757,0.0,1.1007732
dish_1558031526,0.0,0.09299142
dish_1561580406,98.05532749620633,98.43976
dish_1551223023,0.0,0.39039567
dish_1551139325,75.24904019743036,74.7478
dish_1562862529,62.09321414179828,61.299137
dish_1560961059,0.0,0.018338082
dish_1566333118,0.0,0.09228911
dish_1559849020,0.0,0.17974718
dish_1562690112,0.0,0.62806743
dish_1551235270,0.0,0.0
dish_1566835701,85.63381680675477,85.80647
dish_1563294465,0.0,0.16875559
dish_1563216381,23.04766898940332,22.091202
dish_1561654756,78.08038599325434,75.337875
dish_1560801020,0.0,5.5254273
dish_1551392347,0.0,0.4307308
dish_1565812186,100.0,99.89646
dish_1551377209,100.0,96.33193
dish_1551378018,21.377615842724794,20.520035
dish_1566331868,87.00825391934214,78.69003
dish_1566245365,0.0,0.27571115
dish_1566849862,0.0,0.43481395
dish_1551565529,74.62140411298634,74.683304
dish_1551566753,100.0,98.491295
dish_1563565805,38.99814527225185,37.35704
dish_1566329257,59.471272000733194,61.835
dish_1563295360,0.0,1.4653562
dish_1563378073,63.84701895421783,61.77962
dish_1550874079,6.772365890770388,4.724945
dish_1560539396,66.17944782735808,61.804844
dish_1561060558,12.648173801693332,6.87633
dish_1551563337,0.0,0.17310062
dish_1551488103,11.993983525555564,10.564704
dish_1558640882,11.367234352162683,10.844174
dish_1558638163,11.993983525555564,10.564704
dish_1558630867,0.0,0.280176
dish_1566415591,56.86768983873118,54.756516
dish_1559061675,10.150328776036659,10.190318
dish_1551486571,0.0,0.1978637
dish_1550778172,49.12583760599378,48.21434
dish_1563898880,0.0,4.7439904
dish_1551122795,0.0,1.607753
dish_1551566524,100.0,99.18384
dish_1562689519,100.0,100.0
dish_1558639588,0.0,0.0
dish_1563307488,0.0,0.2743355
dish_1566419603,0.0,2.1341085
dish_1550772367,0.0,0.0
dish_1558031237,11.367234352162683,10.844174
dish_1559157919,0.0,0.6552029
dish_1551381877,0.0,0.0
dish_1551136814,0.0,1.0783856
dish_1565896701,0.0,1.8648325
dish_1558641391,11.367234352162683,10.844174
dish_1551492056,63.684264320690644,63.67998
dish_1566332154,100.0,100.0
dish_1563824092,13.090629917851388,12.406353
dish_1550711244,0.0,1.607753
dish_1558630814,0.0,0.0
dish_1551323487,100.0,99.73718
dish_1558720335,11.367234352162683,10.844174
dish_1564590254,0.0,0.83353025
dish_1565711183,100.0,100.0
dish_1551490503,0.0,1.5867592
dish_1551318673,19.36053123408668,16.626118
dish_1563909580,0.0,0.63707507
dish_1566838317,3.9207323447108706,6.48198
dish_1564083480,0.0,0.28026265
dish_1551384080,0.0,0.54415953
dish_1567785709,1.0592854918018304,5.034031
dish_1559934708,100.0,100.0
dish_1551237321,24.399599250508345,25.446241
dish_1559674866,15.378358293203135,13.709567
dish_1551222068,12.633255783449258,11.902992
dish_1551314390,0.0,1.6660241
dish_1563378690,0.0,0.07301343
dish_1562784388,0.0,0.0
dish_1560270537,0.0,0.54415953
dish_1551134138,41.80971281010352,37.424446
dish_1562785184,82.17686883984004,76.315865
dish_1562008738,19.45956871864705,19.36423
dish_1566328745,81.64477983323454,77.45542
dish_1561740353,11.263506047674198,13.422806
dish_1550708702,0.0,1.8307543
dish_1561736736,0.0,0.68729055
dish_1550876055,100.0,98.04412
dish_1563551006,0.0,0.0
dish_1564415499,0.0,0.15269428
dish_1551488485,70.32331652306749,69.55893
dish_1566587662,24.344296749046634,22.139843
dish_1559062005,0.0,0.25389245
dish_1551392519,100.0,100.0
dish_1568144612,23.04766898940332,22.091202
dish_1567612986,94.17965572137544,92.88807
dish_1563480476,62.32177510794106,61.236496
dish_1565637162,0.0,0.37760293
dish_1566246541,81.57362315153333,77.97338
dish_1561662842,65.88551297890265,64.81783
dish_1561147967,0.0,0.0
dish_1565207727,0.0,14.845465
dish_1563476408,0.0,6.039767
dish_1564518454,0.0,0.09228911
dish_1562873002,66.28221516606258,55.889114
dish_1565020822,81.26528307288504,79.65544
dish_1551491090,36.74761543020219,38.40609
dish_1559846363,0.0,0.44710106
dish_1551391337,100.0,100.0
dish_1551493854,0.0,0.17310062
dish_1562958721,0.0,0.0
dish_1562961609,0.0,0.0
dish_1563294987,0.0,0.0
dish_1551304197,52.81389458502171,46.90478
dish_1551378179,0.0,0.6547721
dish_1565884766,100.0,99.25622
dish_1563294408,0.0,0.54415953
dish_1563812615,100.0,100.0
dish_1566835641,100.0,97.19866
dish_1568060414,18.25442766049194,18.903948
dish_1551563511,13.285301349780326,12.247465
dish_1551235561,0.0,0.33356327
dish_1551391758,78.95667365986154,73.1739
dish_1550770222,23.04766898940332,22.091202
dish_1551564857,0.0,0.2820548
dish_1558376768,100.0,99.17896
dish_1551318504,18.22936730264655,17.982727
dish_1561996647,5.848246413532408,6.040385
dish_1566849295,0.0,4.85356
dish_1551137431,0.0,0.0
dish_1559844323,0.0,0.0
dish_1558029686,0.0,0.0
dish_1551491216,0.0,1.4426259
dish_1565382833,0.0,1.16031
dish_1551313872,0.0,1.9140502
dish_1551563890,100.0,99.88646
dish_1551224175,27.418681536703886,25.403978
dish_1561741090,87.60424768067402,90.01803
dish_1562085132,0.0,0.0
dish_1551490544,0.0,1.5867592
dish_1551234214,12.633255783449258,11.902992
dish_1566587182,13.87162761841418,15.42693
dish_1550779153,23.04766898940332,22.091202
dish_1550792194,11.367234352162683,10.844174
dish_1558382263,76.2576763710618,78.10619
dish_1550778401,12.633255783449258,11.902992
dish_1558114484,0.0,0.0
dish_1560798815,29.21199550203012,17.965092
dish_1551395909,21.377615842724794,20.520035
dish_1550875347,1.5024898927649843,12.315995
dish_1563378435,0.0,0.0
dish_1560367698,0.0,4.587294
dish_1558379712,0.0,0.0
dish_1567612954,0.0,0.15269428
dish_1561663606,59.486601144837174,57.240135
dish_1558116436,0.0,0.0
dish_1561481673,2.819253900241236,4.898815
dish_1567625294,0.0,0.0
dish_1557936645,10.752762941119556,10.329552
dish_1568313640,21.163637362520774,18.602608
dish_1563555563,52.14334350825277,45.63507
dish_1562875898,83.4247532030782,85.54851
dish_1551494058,0.0,0.43481395
dish_1566242111,11.76254233831169,12.975413
dish_1550771938,19.772353138321265,19.07154
dish_1559846585,0.0,0.0
dish_1551392376,28.86974662548083,27.151972
dish_1562686492,0.0,0.9111936
dish_1563997418,0.0,4.0347204
dish_1551318543,13.285301349780326,12.247465
dish_1565724552,16.389489905318314,15.59562
dish_1564415140,100.0,100.0
dish_1565884738,100.0,96.086395
dish_1559239256,0.0,0.68806297
dish_1562168673,0.0,0.97959465
dish_1563302391,94.48860476452752,93.73939
dish_1558628711,0.0,0.0
dish_1560357297,0.0,0.4534613
dish_1550710758,0.0,0.0
dish_1564588820,100.0,99.57277
dish_1550713065,0.0,0.0
dish_1550777827,0.04728967874552836,4.950988
dish_1550793300,0.0,0.0
dish_1558722748,0.0,0.43070272
dish_1563898688,23.04766898940332,22.091202
dish_1565021965,100.0,99.57277
dish_1551134895,0.0,0.88566905
dish_1561663914,99.32127033524642,98.81763
dish_1550861520,0.0,1.8113747
dish_1551490670,0.0,0.43481395
dish_1561060613,97.18455077613733,98.81135
dish_1561575445,15.368586202409517,13.615629
dish_1550876619,10.752762941119556,10.3455305
dish_1563475874,11.92093511906495,10.496957
dish_1563379163,0.0,0.0
dish_1550862733,0.0,0.24714811
dish_1562010394,0.0,1.3866886
dish_1559593722,0.0,1.0430706
dish_1561480439,0.0,1.972446
dish_1559674781,7.327008049483453,7.845801
dish_1566244863,18.77217888689559,18.470833
dish_1560367676,0.0,0.17040771
dish_1550777418,0.0,0.0
dish_1551306375,0.0,0.5720805
dish_1565378680,0.0,0.0
dish_1565972429,89.16006197318286,89.75786
dish_1566230300,92.18612108476643,93.84252
dish_1562008394,12.633255783449258,11.902992
dish_1560445004,34.22656769418839,32.83367
dish_1559674074,0.0,0.0
dish_1564086709,0.0,2.821043
dish_1551494095,54.35680269160323,54.227432
dish_1550785481,6.772363161638282,4.724945
dish_1566931116,18.22936730264655,17.982727
dish_1563468362,38.45526966825108,36.985027
dish_1566849955,12.057783558200697,11.439917
dish_1565117990,65.70242647298303,61.035347
dish_1558460138,11.993983525555564,11.617705
dish_1562874203,11.323937761389985,10.298957
dish_1564675157,0.0,0.0
dish_1561737248,0.0,0.26174504
dish_1568666303,100.0,99.28831
dish_1562010130,0.0,0.91117465
dish_1550706766,100.0,100.0
dish_1563302420,100.0,100.0
dish_1551125436,19.927811029053032,18.752861
dish_1567023335,0.0,0.9222957
dish_1565727791,95.46503298465926,92.90817
dish_1564675060,10.150328776036659,10.190318
dish_1551567170,0.0,0.8015104
dish_1551224928,0.0,0.280176
dish_1551396309,0.0,0.0
dish_1563305083,83.95864162603533,83.89545
dish_1565034234,18.22936730264655,17.982727
dish_1551395022,54.35680891247465,54.227432
dish_1551138312,0.0,0.3105455
dish_1550769882,48.31269387508054,45.28602
dish_1562168365,0.0,0.54415953
dish_1566488905,0.0,0.15269428
dish_1566933180,17.40304696938081,20.448248
dish_1550785526,100.0,97.48787
dish_1551305410,0.0,0.49460885
dish_1561739649,17.18755376016756,14.977423
dish_1559238993,0.0,0.4307308
dish_1564686740,0.0,0.0
dish_1550797130,6.695061404090225,8.334447
dish_1563307519,0.0,1.645454
dish_1558116298,0.0,0.61751866
dish_1551493123,0.0,0.12118036
dish_1551233708,0.0,0.0
dish_1560454562,47.3160072765385,42.022476
dish_1560802730,59.99007220284931,58.334564
dish_1551225467,6.772366796043528,4.724945
dish_1551235699,100.0,98.587105
dish_1551303437,12.424229104278666,22.33403
dish_1551316878,0.0,0.48498923
dish_1567021799,0.0,0.33003816
dish_1559149615,0.0,0.0
dish_1551323866,100.0,99.73718
dish_1559332795,0.0,0.0
dish_1565195362,0.0,0.15269428
dish_1561740385,14.391775474232887,13.731619
dish_1560366963,11.993983525555564,11.617705
dish_1563984835,50.41186561140192,41.778408
dish_1551488691,0.0,0.12118036
dish_1562010266,0.0,0.10552301
dish_1558638137,0.0,0.280176
dish_1562691000,48.46456705882677,47.90227
dish_1551225281,0.0,0.0
dish_1561662926,86.08080787352091,83.41794
dish_1558633158,11.993983525555564,10.564704
dish_1558725085,9.559696052143096,9.60365
dish_1565799663,64.78786761364222,64.45283
dish_1565898402,6.730630700287065,7.994324
dish_1550793673,89.00124445225615,94.0962
dish_1550772199,0.0,0.70193344
dish_1566851677,0.0,6.2623787
dish_1565033189,100.0,100.0
dish_1558458903,0.0,0.0
dish_1561666875,45.23997901098467,43.283566
dish_1560370833,0.0,0.0
dish_1563389742,100.0,99.96417
dish_1550712369,54.35680269160323,54.227432
dish_1561576449,18.22936730264655,17.982727
dish_1550772701,0.0,0.0
dish_1565972384,100.0,98.062
dish_1564588889,85.97172468599891,85.24963
dish_1561577701,100.0,100.0
dish_1567024112,0.0,0.3003969
dish_1551321793,0.0,1.1007732
dish_1568314857,0.0,0.07286456
dish_1557862829,27.523681926039515,26.408161
dish_1551306691,15.302213957281026,12.5582
dish_1551375596,100.0,99.73718
dish_1551316737,0.0,0.49460885
dish_1565641915,0.0,0.0
dish_1551493916,0.0,0.56463647
dish_1568217267,0.0,0.18404591
dish_1558722398,0.0,0.280176
dish_1559061752,0.0,0.72809714
dish_1560889008,11.921139457525612,10.251407
dish_1565724588,17.48598422648743,15.831471
dish_1558640039,11.993983525555564,10.564704
dish_1551487472,0.0,6.6242585
dish_1563824304,14.825841001624113,14.892074
dish_1558028194,59.87187701244332,68.71013
dish_1563566939,0.0,0.0
dish_1561404485,8.665956572347838,7.633732
dish_1562086564,52.44998758807879,47.157448
dish_1563221054,0.0,0.0
dish_1560975628,84.70576113599353,77.35626
dish_1561749750,100.0,100.0
dish_1563221157,100.0,99.71274
dish_1558636544,0.0,0.0
dish_1560802092,100.0,100.0
dish_1564170141,12.175344026295335,11.822606
dish_1566333255,57.04576554203853,51.58681
dish_1551375783,100.0,100.0
dish_1560455263,100.0,100.0
dish_1561752509,55.70028065745102,48.638668
dish_1563568319,0.0,0.0
dish_1562947020,0.0,0.06833135
dish_1562777566,0.0,0.0
dish_1558115825,0.0,0.17974718
dish_1558030910,0.0,0.0
dish_1564675193,81.921164860909,78.67886
dish_1566414291,0.0,0.6763503
dish_1551235946,21.377615842724794,20.722406
dish_1561493975,0.0,0.33003816
dish_1551373253,0.0,0.23544502
dish_1560369294,58.35774852928085,48.946846
dish_1551137277,0.0,0.0
dish_1566587714,100.0,100.0
dish_1563381461,0.0,0.25389245
dish_1551228669,17.25370423727641,21.915768
dish_1563897981,0.0,0.0
dish_1562702892,10.679754563549082,17.14134
dish_1558640373,11.443774590161738,10.438173
dish_1560443565,0.0,0.17016123
dish_1558030971,9.559696052143096,9.60365
dish_1551494035,0.0,0.20442723
dish_1550705580,54.356799989608746,54.227432
dish_1561575908,0.0,0.09228911
dish_1563909550,0.0,0.0045819795
dish_1567022114,11.993983525555564,11.617705
dish_1560453356,100.0,100.0
dish_1558723475,11.367234352162683,10.844174
dish_1563305982,100.0,99.66468
dish_1550862399,0.0,0.0
dish_1551134987,0.0,0.0
dish_1551374712,18.22936730264655,17.982727
dish_1562690950,0.0,0.0
dish_1550797692,0.0,0.17310062
dish_1568147044,0.0,0.036690827
dish_1564514906,16.022021951362632,13.443663
dish_1558373352,0.0,0.17974718
dish_1562179966,0.0,0.0
dish_1551233095,29.4417981085669,29.501255
dish_1562700568,86.27121918629923,88.08136
dish_1558639949,11.367234352162683,10.844174
dish_1564686966,0.0,0.093964316
dish_1563294547,0.0,0.0
dish_1568141871,0.0,0.09228911
dish_1563382911,0.0,1.4426259
dish_1561662054,32.79379538048953,33.82446
dish_1560455030,7.172695491222939,7.8610616
dish_1561575474,11.99509533587721,12.643362
dish_1565972591,0.0,0.0
dish_1550876012,95.0,93.60464
dish_1563381680,0.0,0.0
dish_1562611680,37.176680453547654,47.79164
dish_1568144828,6.835535167880494,7.733555
dish_1550708440,0.0,0.0054953443
dish_1551307090,0.0,0.0
dish_1560453174,74.54885399428491,73.19626
dish_1551226363,18.04766898940332,17.665943
dish_1558549773,22.523681926039515,22.034101
dish_1563822597,17.48362797143919,16.31953
dish_1551489812,0.0,0.0
dish_1566417516,49.04080626467734,45.51003
dish_1563996485,15.37544704006325,16.608534
dish_1563998210,51.40371527746495,51.059315
dish_1558459115,0.0,0.0
dish_1564082178,56.04539082809889,53.74408
dish_1558723777,0.0,0.0
dish_1562873028,61.266686827089586,52.68561
dish_1558115867,0.0,0.0
dish_1561580370,0.0,2.1732965
dish_1566502211,25.42969961734312,25.902718
dish_1551563213,80.9214032989778,81.76889
dish_1550775318,0.0,0.0
dish_1565383026,9.542909625311765,12.360155
dish_1558642089,6.993983525555564,6.8582125
dish_1558723866,13.229367302646551,13.576797
dish_1551380950,0.0,0.0
dish_1559319860,0.0,0.0
dish_1559242568,0.0,0.0
dish_1563824339,8.942700033576173,9.50529
dish_1562094621,13.229367302646551,13.489261
dish_1550707156,0.0,0.0
dish_1560527191,0.0,0.4511539
dish_1558546663,0.0,0.0
dish_1551393210,0.0,0.0
dish_1568314823,0.0,0.0
dish_1563468299,21.876093469513208,20.503323
dish_1551323574,0.0,0.7848542
dish_1551491271,69.5101727436982,69.62735
dish_1558723414,0.0,0.053357515
dish_1562691674,64.29308192038201,64.0704
dish_1562602860,33.564392133719586,34.232685
dish_1568217372,0.0,0.0
dish_1563395480,95.0,96.55082
dish_1558719994,0.0,0.0
dish_1562960520,68.2753888611344,61.74247
dish_1566488928,0.0,0.0
dish_1558031302,0.0,0.21080087
dish_1563910171,81.5105870368395,75.68529
dish_1551392590,24.4417981085669,25.134335
dish_1558116201,0.0,0.0
dish_1550777469,0.0,0.06437452
dish_1562008813,9.389628989964223,10.87943
dish_1551391710,0.0,0.0
dish_1568061202,0.0,1.3396894
dish_1562785132,2.9535657093767895,8.887012
dish_1559233102,0.0,0.28437692
dish_1558639787,13.229367302646551,13.576797
dish_1567542876,0.0,0.1298833
dish_1561577573,0.0,0.0
dish_1550776957,0.0,0.0
dish_1551395800,0.0,0.0
dish_1558115011,0.0,0.0
dish_1565638323,6.899146563842109,7.599129
dish_1550773394,14.772353138321265,14.928097
dish_1566416421,26.944158407799122,26.685183
dish_1561661347,19.744871633515572,17.331583
dish_1566931586,95.0,96.121735
dish_1551493723,0.0,0.0
dish_1563908923,25.429695407630675,25.902718
dish_1551318068,0.0,0.0
dish_1561061687,95.0,94.740746
dish_1558115448,0.0,0.0
dish_1551228830,0.0,0.0
dish_1561575613,0.0,0.0
dish_1566245437,84.47253736656208,88.12384
dish_1550706583,49.35680623461601,49.619373
dish_1558639335,0.0,0.0
dish_1563382953,6.437900623339473,3.3032157
dish_1550710342,95.0,95.23826
dish_1558725403,0.0,0.0
dish_1550710715,0.0,0.0
dish_1551303476,5.8890961357740395,21.69549
dish_1550776767,0.0,0.0
dish_1551141628,0.0,0.0
dish_1551123986,5.752762941119556,6.57405
dish_1550788827,1.7723579696316705,2.6763136
dish_1558628921,6.993983525555564,6.8582125
dish_1561662814,0.0,0.8569679
dish_1560366438,13.97111287936832,15.918539
dish_1566931140,13.66510654560659,14.314224
dish_1560360112,0.0,0.14668584
dish_1550788264,0.0,0.0
dish_1562611853,20.088305452503775,15.859988
dish_1551374560,0.0,0.0
dish_1560369146,53.36617928100576,54.0256
dish_1562783691,95.0,94.71068
dish_1565023128,0.0,0.0
dish_1559158354,18.04766898940332,17.665943
dish_1562007842,14.752396801623092,14.09296
dish_1561580431,86.8317363747251,89.67831
dish_1562788010,12.016979336117913,10.65117
dish_1562702853,0.0,0.0
dish_1565627751,0.0,0.0
dish_1562861174,5.363328391429661,5.762207
dish_1567785165,0.0,0.19481659
dish_1551567604,0.0,0.0
dish_1564083459,0.0,0.0
dish_1558637865,0.0,0.053357515
dish_1563997327,0.0,0.0
dish_1566934120,41.78094904433689,40.708714
dish_1563910639,57.32175841184336,57.256985
dish_1559244649,0.0,2.53382
dish_1563998513,93.0387168771768,94.45415
dish_1551142128,0.0,0.0054953443
dish_1562170356,0.0,0.33761653
dish_1562963517,13.090651415124867,10.62189
dish_1551376892,0.0,0.0
dish_1561492161,0.0,0.0
dish_1562691064,0.0,2.71013
dish_1562777000,0.0,0.28437692
dish_1563220109,0.0,2.8196433
dish_1562096542,13.87019313351874,15.026551
dish_1562961588,0.0,0.0
dish_1563823860,12.05294694586263,10.854684
dish_1565640601,95.0,95.27651
dish_1561753275,89.7428048512988,90.51667
dish_1550875968,6.367234352162683,7.0086718
dish_1564170071,8.285301349780326,8.134838
dish_1561667430,0.0,0.34804404
dish_1550771387,3.529134307148283,6.294131
dish_1565032680,0.0,0.0
dish_1561134128,0.054586878357170576,4.2331657
dish_1558550218,0.0,0.10385343
dish_1562963006,11.87300664993596,10.498026
dish_1550795361,0.0,0.21080087
dish_1560541760,94.90000128500098,95.598694
dish_1551313896,0.0,0.45784265
dish_1564687090,62.46300404156119,62.91116
dish_1565725244,95.0,95.84283
dish_1563302447,91.44559028239122,93.06329
dish_1562872150,24.4417981085669,25.134335
dish_1566246415,16.377615842724794,16.165878
dish_1550796686,0.0,0.0
dish_1562613403,56.318309363648495,54.39127
dish_1551389387,0.0,0.0
dish_1563391708,0.0,0.0
dish_1563378660,0.0,0.76469886
dish_1551236550,0.0,0.0
dish_1563566810,0.0,0.0
dish_1561148042,16.746034411773053,23.81159
dish_1562614895,18.04766898940332,17.665943
dish_1568313487,16.377615842724794,16.165878
dish_1568143612,13.492206573099253,12.931163
dish_1566590007,12.55008515156183,14.356959
dish_1566844850,50.489401130450354,42.42079
dish_1561752481,0.0,2.0312033
dish_1551233610,0.0,0.22153625
dish_1550876969,0.0,0.0
dish_1550788591,49.127500453328054,47.018818
dish_1550796731,6.367234352162683,7.0086718
dish_1558468401,0.0,0.0
dish_1560798785,19.920391928801138,15.591735
dish_1565379377,95.0,95.34725
dish_1565725123,95.0,94.960846
dish_1550705786,0.0,0.0
dish_1551378449,0.0,1.1889787
dish_1564160161,0.0,0.0
dish_1565207896,70.27598029212885,70.89512
dish_1560788338,95.0,93.286415
dish_1550710542,29.016140072315523,28.463293
dish_1558115364,12.206627287817838,11.218838
dish_1563811662,64.80679590451771,64.046715
dish_1563478751,0.41592937399883567,5.7399187
dish_1561148021,0.0,4.9374657
dish_1558381860,0.0,0.0
dish_1568315988,95.0,95.3676
dish_1551122614,27.465101986435812,27.134829
dish_1558723073,6.993983525555564,7.507916
dish_1550713174,0.0,0.42000794
dish_1564685450,0.0,0.0
dish_1551226013,27.465101986435812,27.134829
dish_1565023182,0.0,0.14757334
dish_1551236657,24.4417981085669,25.134335
dish_1558027057,0.0,0.0
dish_1551490433,16.377615842724794,15.876246
dish_1560887457,0.0,0.0
dish_1567625343,10.783871884924238,10.232072
dish_1568405430,0.0,1.483248
dish_1558468589,24.4417981085669,25.134335
dish_1558468435,18.04766898940332,17.665943
dish_1551564543,0.0,0.0
dish_1566931650,83.60573005185616,87.68218
dish_1551318377,0.0,0.0
dish_1566230222,95.0,95.46872
dish_1551221801,1.7723579696316705,2.6763136
dish_1561666640,0.0,0.0
dish_1561665706,0.0,0.0
dish_1558636028,0.0,0.0
dish_1564685229,0.0,0.0
dish_1566587102,68.0471903256639,65.44168
dish_1551225714,0.0,0.2105708
dish_1562603536,0.0,0.0
dish_1564170098,7.35500278066111,9.787633
dish_1563910276,57.32177630733115,57.256985
dish_1558722322,6.993983525555564,6.8582125
dish_1566419546,0.0,0.0
dish_1561580322,28.541276008890094,30.386467
dish_1563480534,77.21260424395312,74.77137
dish_1566501153,0.0,0.20691401
dish_1562008936,25.429695407630675,25.902718
dish_1550791822,0.0,0.07584953
dish_1551135590,14.772353138321265,14.928097
dish_1560801041,0.0,4.6482263
dish_1563897047,95.0,95.46872
dish_1550772314,37.05541461594676,36.22471
dish_1558381084,0.0,0.0
dish_1551564221,0.0,0.0
dish_1550773949,0.0,0.0
dish_1551492732,0.0,0.0
dish_1566500988,12.433418781841382,10.819008
dish_1565119439,0.0,0.0
dish_1564775147,0.0,0.27903804
dish_1568217325,0.0,0.49509677
dish_1565640868,95.0,95.90373
dish_1551373181,0.0,0.0
dish_1558114937,16.377615842724794,16.165878
dish_1558379182,0.0,0.0
dish_1563389413,18.04766898940332,17.665943
dish_1561579673,48.37687462915945,46.941612
dish_1551226101,0.0,0.0
dish_1568132601,3.3743179829180434,4.826019
dish_1558628956,64.50697964008373,64.18165
dish_1567537422,11.81543209241471,11.913427
dish_1561579576,10.092011906951186,9.093453
dish_1551377094,0.0,0.0
dish_1563827482,17.823228229339378,17.849842
dish_1551322577,0.0,0.0
dish_1551390802,0.0,0.0
dish_1550785404,6.993983525555564,6.8582125
dish_1558630737,13.229367302646551,13.576797
dish_1568405499,66.46254567473889,65.81818
dish_1563216659,95.0,95.48562
dish_1558723568,0.0,0.0
dish_1558026623,4.559696052143096,6.2059784
dish_1562008429,44.26972193499772,42.88515
dish_1565637578,82.01191258786147,71.719696
dish_1561578898,0.0,0.0
dish_1561404956,95.0,94.54657
dish_1558638844,0.0,0.0
dish_1558379273,0.0,0.0
dish_1551142547,76.41022592062147,65.05937
dish_1563900205,37.36187811514408,36.405552
dish_1561580278,25.429695407630675,25.902718
dish_1550707357,0.0,0.7848542
dish_1566316612,0.0,0.0
dish_1562945499,29.12906316556277,30.691185
dish_1560368162,9.938858235087409,9.570979
dish_1565031283,0.0,0.0
dish_1551565720,88.13501426961454,91.41678
dish_1550777713,6.367234352162683,7.0086718
dish_1559232986,0.0,0.0
dish_1561578188,10.351888858125307,9.2527075
dish_1551136396,50.297108523168106,53.166733
dish_1551222833,0.0,3.3073542
dish_1562690886,17.55200388280656,17.69788
dish_1551395766,0.0,0.0
dish_1560543625,95.0,94.70221
dish_1559932674,0.0,0.0
dish_1566931620,95.0,95.11389
dish_1551493311,0.0,0.469551
dish_1550711314,23.24917928784774,20.573128
dish_1551303285,0.0,0.07584953
dish_1561491180,48.67233912436249,46.674583
dish_1558725702,27.465101986435812,27.134829
dish_1562789240,0.0,0.0
dish_1550863078,0.0,0.020387352
dish_1560455380,16.705578244168464,17.855455
dish_1563897395,0.0,0.0
dish_1565382733,0.0,0.0
dish_1550708327,25.859945305651593,27.009077
dish_1563221443,0.0,0.0
dish_1562875211,0.0,0.8999003
dish_1561492519,0.0,8.455825
dish_1561997248,0.0,0.0
dish_1558723719,0.0,0.0
dish_1550771191,0.0,0.0
dish_1562691566,67.62568124501476,70.95031
dish_1563909507,14.109706387949487,15.990481
dish_1566414723,60.62267798407237,58.005524
dish_1564589025,0.0,0.0
dish_1563822636,95.0,96.57793
dish_1558115512,0.0,0.0
dish_1564588533,29.781299594581014,31.002562
dish_1558544427,0.0,0.0
dish_1564601569,4.791759260012498,5.87489
dish_1561480414,0.0,2.662475
dish_1561407208,60.94427364336214,59.414463
dish_1564589308,0.0,0.0
dish_1558379391,0.0,0.86810654
dish_1550707056,0.0,0.0
dish_1551395396,16.377615842724794,15.876246
dish_1563897369,0.0,0.0
dish_1551565096,64.661896612182,52.2569
dish_1551324180,13.229367302646551,13.576797
dish_1550711688,7.633255783449258,7.8366065
dish_1563908996,95.0,95.88223
dish_1565035830,95.0,96.458305
dish_1551224380,0.0,0.0
dish_1565898590,67.06783902156704,68.9909
dish_1558718974,0.0,0.0
dish_1551494147,0.0,0.0
dish_1551223394,0.0,0.37341452
dish_1550774895,0.0,0.0
dish_1550861458,0.0,0.8222356
dish_1566590987,30.915878094010623,39.445614
dish_1567110665,53.289231529163565,49.4759
dish_1559925174,0.0,0.012711387
dish_1550874829,0.0,0.0
dish_1550713423,7.633255783449258,7.8366065
dish_1567019993,26.92909560356881,27.227877
dish_1565811335,19.633489487709113,18.84545
dish_1563221086,71.82617592357904,70.021675
dish_1551565068,64.66188557180564,52.2569
dish_1551392884,0.0,0.0
dish_1565036922,0.0,5.795201
dish_1563220802,95.0,95.1536
dish_1562691613,19.15080912893302,15.83074
dish_1559843222,0.0,0.0
dish_1560455421,39.242836656293235,46.654034
dish_1562959517,0.0,0.0
dish_1566413321,22.523681926039515,22.034101
dish_1561746876,0.0,0.3684262
dish_1562788732,2.9535739799995184,8.887012
dish_1568060542,80.19354948352608,74.17905
dish_1566402095,95.0,93.59244
dish_1566501012,5.968485119113694,7.6059675
dish_1550773284,0.0,0.0
dish_1562945779,0.0,0.0
dish_1566317775,0.0,0.0
dish_1558115915,0.0,0.0
dish_1558719298,0.0,0.0
dish_1550791214,22.076091895133374,24.698784
dish_1559589902,21.958001577556047,20.063541
dish_1567525681,0.0,1.2166283
dish_1565898361,0.0,0.33277225
dish_1560529825,0.0,0.0
dish_1562774504,0.0,0.41371098
dish_1562872945,48.60654582122314,40.821102
dish_1563996509,95.0,94.892815
dish_1561999287,17.552013742305718,17.69788
dish_1562700496,13.229367302646551,13.576797
dish_1559846034,18.04766898940332,17.665943
dish_1551233403,16.56515162448791,16.46231
dish_1562086740,0.0,0.093431585
dish_1561574974,7.506909144122204,7.96123
dish_1551379045,13.654453041171934,12.636281
dish_1562945900,0.0,0.0
dish_1561576212,0.0,0.0
dish_1551566464,13.229367302646551,13.576797
dish_1563218031,95.0,96.20479
dish_1563823814,5.699676455848319,6.8992357
dish_1560444914,4.82865638334458,6.2112594
dish_1551221892,55.554481090328785,48.90834
dish_1566591048,0.0,1.657696
dish_1565107066,0.0,0.28437692
dish_1561481577,0.0,0.0
dish_1561737839,0.0,0.012711387
dish_1550796152,0.0,0.0
dish_1561405887,36.87074207592368,46.797016
dish_1551381249,8.285301349780326,8.137451
dish_1559845637,0.0,0.21080087
dish_1558372695,0.0,0.0
dish_1558373074,95.0,95.0713
dish_1559849053,0.0,0.0
dish_1550795331,0.0,0.0
dish_1568401199,81.56963705975728,76.14919
dish_1566332116,10.09522617226989,12.249697
dish_1551382115,0.0,0.07584953
dish_1550774244,0.0,0.0
dish_1565972363,95.0,95.46872
dish_1559319902,0.0,0.0054953443
dish_1563996464,15.303504570123536,16.616686
dish_1561663990,56.04539057311178,53.74408
dish_1550710664,7.633255783449258,7.8366065
dish_1562774159,0.0,0.0
dish_1560527950,5.150328776036659,6.450521
dish_1561062286,2.2750346457184776,8.517117
dish_1551392752,0.0,1.7238601
dish_1551228715,12.25370423727641,20.312864
dish_1551566083,0.0,0.0
dish_1551133870,6.367234352162683,7.0086718
dish_1562862550,21.946911307503854,11.917494
dish_1562687527,11.87152502420794,11.827461
dish_1565727765,17.849040311957836,16.534517
dish_1561404438,0.0,0.0
dish_1551323662,95.0,94.39332
dish_1551563925,69.51016997947956,69.62735
dish_1550772270,37.05541461594676,36.22471
dish_1551399449,0.0,0.0
dish_1560455224,0.0,2.4233017
dish_1558641211,6.993983525555564,6.8582125
dish_1567107049,0.0,0.04081536
dish_1567537457,29.385664610328405,24.1797
dish_1563305321,6.921133398086454,6.8422904
dish_1558630600,0.0,0.0
dish_1566328894,0.0,0.02138611
dish_1550712622,0.0,0.233537
dish_1567022147,10.070420733589415,9.420259
dish_1559841023,0.0,0.0
dish_1567542914,0.0,0.24049653
dish_1566931674,0.0,0.06646428
dish_1560270630,0.0,0.0
dish_1565898723,95.0,96.120895
dish_1551393069,0.0,0.07584953
dish_1561997900,0.0,0.0
dish_1550771606,0.0,0.0
dish_1565107119,95.0,94.823395
dish_1565020755,0.0,0.0
dish_1565119642,19.344296749046634,17.584742
dish_1562950018,0.0,0.0
dish_1551493159,0.0,0.0
dish_1567801748,0.0,0.0
dish_1559844063,0.0,0.11501561
dish_1559848857,0.0,0.10842554
dish_1561407312,75.7308519526207,70.91862
dish_1562009894,0.0,0.0
dish_1568048053,0.0,0.0
dish_1558115282,95.0,95.0713
dish_1551235669,0.0,0.0
dish_1559158425,22.52368192603953,22.034101
dish_1551221853,13.229367302646551,13.576797
dish_1550793192,0.0,0.0
dish_1560975491,25.429695407630675,25.902718
dish_1563813360,0.0,0.10495062
dish_1551317589,0.0,1.7238601
dish_1550861670,0.0,0.28437692
dish_1550779336,0.0,0.49711618
dish_1551319895,0.0,0.0
dish_1559240875,0.0,0.0
dish_1567785622,0.0,0.012711387
dish_1565809033,95.0,93.44973
dish_1568233403,16.377615842724794,16.165878
dish_1562785159,48.39998303887279,43.981182
dish_1560455179,9.438877335115848,10.699826
dish_1558637351,0.0,0.0
dish_1565118096,95.0,95.12351
dish_1551235759,95.0,93.693954
dish_1550774815,0.0,0.012711387
dish_1562690144,0.0,0.0
dish_1558461760,6.993983525555564,7.507916
dish_1559751744,83.92944263442338,86.140465
dish_1550706237,0.0,0.0
dish_1563206409,0.0,0.0
dish_1565031338,49.88425769164818,49.702267
dish_1565382969,22.52368192603953,22.034101
dish_1560366998,5.319275916938324,6.3342996
dish_1565896745,0.0,1.2893778
dish_1550862908,0.0,0.012711387
dish_1551564423,6.993983525555564,6.8582125
dish_1560526472,0.0,2.3344982
dish_1550712877,0.0,0.3182193
dish_1559844928,0.0,0.21080087
dish_1561480460,50.67697545220705,48.346638
dish_1551222527,13.229367302646551,13.576797
dish_1562602627,0.0,0.08213776
dish_1562788536,0.0,0.0
dish_1558113255,6.367234352162683,7.0086718
dish_1550873434,49.35680462999063,49.619373
dish_1565811025,87.67065271518968,85.913414
dish_1566851584,0.0,11.303191
dish_1565020926,14.138161681509317,13.1077175
dish_1562173411,0.0,0.1934649
dish_1559590130,91.02201452209084,91.5671
dish_1568047973,39.420982321813995,32.709385
dish_1565034681,0.0,0.0
dish_1565627800,93.3176111330597,90.82075
dish_1551379408,69.49470069399514,68.1395
dish_1562086037,0.0,0.012711387
dish_1550777256,0.0,0.0045672995
dish_1551324331,95.0,96.1094
dish_1558639673,6.993983525555564,7.507916
dish_1551567106,0.0,0.0
dish_1564073641,0.0,0.0
dish_1560874751,0.0,0.04740099
dish_1565981898,36.418873076598715,36.3658
dish_1551304456,0.0,0.06437452
dish_1558641358,13.229367302646551,13.576797
dish_1558724853,27.465101986435798,27.134829
dish_1562008476,95.0,96.45312
dish_1550797094,18.04766898940332,17.665943
dish_1551234288,15.603132121891207,15.32557
dish_1564689138,0.0,0.0
dish_1563897938,0.0,0.0
dish_1562686548,21.116594206202976,15.676334
dish_1568229399,0.0,0.0
dish_1550859356,0.0,0.0
dish_1550862495,5.752762941119556,6.57405
dish_1560453150,0.0,0.4197261
dish_1561749778,95.0,95.72112
dish_1551563723,0.0,0.0054953443
dish_1565383159,0.0,0.7930766
dish_1551375715,6.367234352162683,7.0086718
dish_1561575192,14.499566775324823,16.379503
dish_1565207694,76.04958877565328,70.87683
dish_1560444637,0.0,0.0
dish_1558641253,0.0,0.053357515
dish_1559235771,0.0,0.76469886
dish_1562700593,64.67076483469233,65.89037
dish_1565382762,0.0,0.025364397
dish_1550712459,0.0,15.389653
dish_1550777025,0.0,0.0
dish_1565208611,26.045138867444052,25.347824
dish_1551390528,13.229367302646551,13.576797
dish_1558380058,0.0,0.0
dish_1550793023,6.367234352162683,7.0086718
dish_1551228478,0.0,0.107852906
dish_1550781280,18.04766898940332,17.665943
dish_1567108037,0.0,0.5583705
dish_1550778646,0.0,0.0
dish_1558630450,0.0,0.0
dish_1563827188,95.0,95.846115
dish_1568305198,0.0,0.0
dish_1562875159,0.0,0.0
dish_1551224283,13.229367302646551,13.576797
dish_1558116547,95.0,95.0713
dish_1566501067,28.213493948566963,26.831173
dish_1558639979,0.0,0.0
dish_1560529804,5.150328776036659,6.450521
dish_1551394835,0.0,0.0
dish_1551493680,0.0,0.0
dish_1565726949,74.81494956927965,70.94479
dish_1563218987,0.0,0.0
dish_1551134622,0.0,0.0
dish_1551232686,69.51016580494542,69.62735
dish_1564170283,0.0,0.66842604
dish_1565728494,0.0,0.0
dish_1558380152,95.0,95.0713
dish_1564082212,47.96612757057267,49.262665
dish_1551566642,6.993983525555564,6.8582125
dish_1562614088,18.04766898940332,17.665943
dish_1563222850,36.14815977137627,41.849705
dish_1564775216,0.0,1.462544
dish_1558630176,0.0,0.0
dish_1565194781,81.3684010375051,79.170586
dish_1568404850,0.0,0.41085717
dish_1563391333,6.916807601167619,8.09283
dish_1568666263,15.25460296147888,15.431901
dish_1567107989,0.0,3.1625519
dish_1551399340,0.0,0.0
dish_1565638365,12.064498221343001,10.629592
dish_1550793245,0.0,0.0
dish_1551399402,0.0,0.06437452
dish_1551565168,13.229367302646551,13.576797
dish_1566589933,95.0,95.3676
dish_1562617370,0.0,0.0
dish_1562788760,0.0,0.0
dish_1561662532,0.0,4.092855
dish_1551125258,27.465101986435812,27.134829
dish_1561577848,51.403735897408595,51.059315
dish_1551395194,95.0,95.15947
dish_1566244964,78.21105064626876,79.86167
dish_1559841127,81.97349106999553,84.13411
dish_1551564053,81.92299983595746,84.89574
dish_1561576652,9.576888724407482,8.7929945
dish_1551390872,0.0,1.4612955
dish_1559667948,0.0,0.76469886
dish_1561567086,0.0,0.0
dish_1551123072,6.367234352162683,7.0086718
dish_1563303386,94.0526301797585,94.02766
dish_1567525744,0.0,2.561221
dish_1564590226,0.0,0.0
dish_1550706096,14.772353138321265,14.928097
dish_1559243139,6.921131797480086,6.8422904
dish_1550712585,14.772353138321265,14.928097
dish_1562702091,9.809343022830845,10.269626
dish_1563304881,48.65883715291491,49.005493
dish_1565641844,0.0,0.02138611
dish_1562700931,10.874989086816129,13.109328
dish_1558724766,0.0,0.0
dish_1551225541,27.38693205274221,30.612036
dish_1561576737,93.61813458694348,93.69125
dish_1550712486,0.0,15.389653
dish_1551304571,0.0,0.28437692
dish_1563465805,0.0,0.0
dish_1560888849,55.95479671075636,53.509598
dish_1550771330,0.0,0.28437692
dish_1551321757,0.0,0.624081
dish_1558031526,0.0,0.0
dish_1561580406,93.05532749620633,93.7549
dish_1551223023,0.0,0.09443326
dish_1551139325,70.24904019743036,70.243095
dish_1562862529,57.09321414179828,57.880085
dish_1560961059,0.0,0.0
dish_1566333118,0.0,0.02138611
dish_1559849020,0.0,0.0
dish_1562690112,0.0,0.077266864
dish_1551235270,0.0,0.0
dish_1566835701,80.63381680675477,80.3896
dish_1563294465,0.0,0.0
dish_1563216381,18.04766898940332,17.665943
dish_1561654756,73.08038599325434,70.62978
dish_1560801020,0.0,4.6553693
dish_1551392347,0.0,0.012711387
dish_1565812186,95.0,94.931175
dish_1551377209,95.0,92.299644
dish_1551378018,16.377615842724794,15.876246
dish_1566331868,82.00825391934214,74.89262
dish_1566245365,0.0,0.0
dish_1566849862,0.0,0.0
dish_1551565529,69.62140411298634,70.4684
dish_1551566753,95.0,93.82894
dish_1563565805,33.99814527225185,31.983871
dish_1566329257,54.471272000733194,56.966877
dish_1563295360,0.0,0.32596654
dish_1563378073,58.84701895421783,57.624912
dish_1550874079,1.7723658907703879,2.6763136
dish_1560539396,61.179447827358075,57.350822
dish_1561060558,7.648173801693332,5.516292
dish_1551563337,0.0,0.0
dish_1551488103,6.993983525555564,6.8582125
dish_1558640882,6.367234352162683,7.0086718
dish_1558638163,6.993983525555564,6.8582125
dish_1558630867,0.0,0.0
dish_1566415591,51.86768983873118,50.005806
dish_1559061675,5.150328776036659,6.450521
dish_1551486571,0.0,0.0
dish_1550778172,44.12583760599378,43.58181
dish_1563898880,0.0,2.8409784
dish_1551122795,0.0,0.7848542
dish_1551566524,95.0,94.807365
dish_1562689519,95.0,95.32756
dish_1558639588,0.0,0.0
dish_1563307488,0.0,0.0
dish_1566419603,0.0,1.6707716
dish_1550772367,0.0,0.0
dish_1558031237,6.367234352162683,7.0086718
dish_1559157919,0.0,0.0
dish_1551381877,0.0,0.0
dish_1551136814,0.0,0.6204913
dish_1565896701,0.0,0.63782847
dish_1558641391,6.367234352162683,7.0086718
dish_1551492056,58.684264320690644,58.875137
dish_1566332154,95.0,96.11517
dish_1563824092,8.090629917851388,8.297769
dish_1550711244,0.0,0.7848542
dish_1558630814,0.0,0.0
dish_1551323487,95.0,95.15947
dish_1558720335,6.367234352162683,7.0086718
dish_1564590254,0.0,0.3271252
dish_1565711183,95.0,95.179794
dish_1551490503,0.0,1.0732571
dish_1551318673,14.360531234086679,12.709184
dish_1563909580,0.0,0.0
dish_1566838317,0.0,3.7816694
dish_1564083480,0.0,0.0
dish_1551384080,0.0,0.0054953443
dish_1567785709,0.0,2.898656
dish_1559934708,95.0,95.16117
dish_1551237321,19.399599250508345,22.631245
dish_1559674866,10.378358293203135,9.50307
dish_1551222068,7.633255783449258,7.8366065
dish_1551314390,0.0,0.010116856
dish_1563378690,0.0,0.015996592
dish_1562784388,0.0,0.0
dish_1560270537,0.0,0.0054953443
dish_1551134138,36.80971281010352,33.747692
dish_1562785184,77.17686883984004,72.24502
dish_1562008738,14.459568718647049,15.940294
dish_1566328745,76.64477983323454,73.25918
dish_1561740353,6.263506047674198,10.349904
dish_1550708702,0.0,0.89028805
dish_1561736736,0.0,0.37613988
dish_1550876055,95.0,93.60464
dish_1563551006,0.0,0.0
dish_1564415499,0.0,0.0
dish_1551488485,65.32331652306749,65.723564
dish_1566587662,19.344296749046634,17.584742
dish_1559062005,0.0,0.0
dish_1551392519,95.0,95.3676
dish_1568144612,18.04766898940332,17.665943
dish_1567612986,89.17965572137544,88.33785
dish_1563480476,57.32177510794106,57.256985
dish_1565637162,0.0,0.0
dish_1566246541,76.57362315153333,74.03867
dish_1561662842,60.88551297890265,60.511826
dish_1561147967,0.0,0.0
dish_1565207727,0.0,12.696844
dish_1563476408,0.0,5.069378
dish_1564518454,0.0,0.02138611
dish_1562873002,61.282215166062585,51.838043
dish_1565020822,76.26528307288504,74.458336
dish_1551491090,31.74761543020219,34.8015
dish_1559846363,0.0,0.012248174
dish_1551391337,95.0,95.98095
dish_1551493854,0.0,0.0
dish_1562958721,0.0,0.0
dish_1562961609,0.0,0.0
dish_1563294987,0.0,0.0
dish_1551304197,47.81389458502171,44.389236
dish_1551378179,0.0,0.75337255
dish_1565884766,95.0,94.175804
dish_1563294408,0.0,0.0054953443
dish_1563812615,95.0,95.02703
dish_1566835641,95.0,92.74471
dish_1568060414,13.254427660491942,14.24441
dish_1551563511,8.285301349780326,8.137451
dish_1551235561,0.0,0.0
dish_1551391758,73.95667365986154,68.762215
dish_1550770222,18.04766898940332,17.665943
dish_1551564857,0.0,0.0
dish_1558376768,95.0,95.0713
dish_1551318504,13.229367302646551,13.576797
dish_1561996647,0.8482464135324079,4.1470027
dish_1566849295,0.0,3.6514509
dish_1551137431,0.0,0.0
dish_1559844323,0.0,0.06157934
dish_1558029686,0.0,0.0
dish_1551491216,0.0,0.28437692
dish_1565382833,0.0,0.7454348
dish_1551313872,0.0,1.7238601
dish_1551563890,95.0,94.96636
dish_1551224175,22.418681536703886,20.973724
dish_1561741090,82.60424768067402,85.002106
dish_1562085132,0.0,0.0
dish_1551490544,0.0,1.0732571
dish_1551234214,7.633255783449258,7.8366065
dish_1566587182,8.87162761841418,13.105982
dish_1550779153,18.04766898940332,17.665943
dish_1550792194,6.367234352162683,7.0086718
dish_1558382263,71.2576763710618,73.04966
dish_1550778401,7.633255783449258,7.8366065
dish_1558114484,0.0,0.0
dish_1560798815,24.21199550203012,16.003914
dish_1551395909,16.377615842724794,15.876246
dish_1550875347,0.0,10.759996
dish_1563378435,0.0,0.07043657
dish_1560367698,0.0,3.3104444
dish_1558379712,0.0,0.0
dish_1567612954,0.0,0.0
dish_1561663606,54.486601144837174,55.52114
dish_1558116436,0.0,0.0
dish_1561481673,0.0,2.7063322
dish_1567625294,0.0,0.0
dish_1557936645,5.752762941119556,6.55807
dish_1568313640,16.163637362520774,14.787637
dish_1563555563,47.14334350825277,42.606552
dish_1562875898,78.4247532030782,80.309265
dish_1551494058,0.0,0.0
dish_1566242111,6.76254233831169,10.083084
dish_1550771938,14.772353138321265,14.928097
dish_1559846585,0.0,0.0
dish_1551392376,23.86974662548083,24.047756
dish_1562686492,0.0,0.0
dish_1563997418,0.0,2.5243979
dish_1551318543,8.285301349780326,8.137451
dish_1565724552,11.389489905318314,10.899448
dish_1564415140,95.0,95.576744
dish_1565884738,95.0,90.78296
dish_1559239256,0.0,0.0
dish_1562168673,0.0,0.0
dish_1563302391,89.48860476452752,88.86183
dish_1558628711,0.0,0.0
dish_1560357297,0.0,0.06597141
dish_1550710758,0.0,0.0
dish_1564588820,95.0,95.46872
dish_1550713065,0.0,0.0
dish_1550777827,0.0,2.4586368
dish_1550793300,0.0,0.0
dish_1558722748,0.0,0.053357515
dish_1563898688,18.04766898940332,17.665943
dish_1565021965,95.0,95.46872
dish_1551134895,0.0,0.48924786
dish_1561663914,94.32127033524642,94.121086
dish_1550861520,0.0,0.8222356
dish_1551490670,0.0,0.0
dish_1561060613,92.18455077613733,94.027466
dish_1561575445,10.368586202409517,9.2527075
dish_1550876619,5.752762941119556,6.57405
dish_1563475874,6.92093511906495,6.8597913
dish_1563379163,0.0,0.0
dish_1550862733,0.0,0.0
dish_1562010394,0.0,0.24006717
dish_1559593722,0.0,0.0
dish_1561480439,0.0,0.9922044
dish_1559674781,2.327008049483453,4.984751
dish_1566244863,13.772178886895588,14.066333
dish_1560367676,0.0,0.0
dish_1550777418,0.0,0.0
dish_1551306375,0.0,0.27868974
dish_1565378680,0.0,0.0
dish_1565972429,84.16006197318286,85.190445
dish_1566230300,87.18612108476643,89.52516
dish_1562008394,7.633255783449258,7.8366065
dish_1560445004,29.22656769418839,28.198185
dish_1559674074,0.0,0.0
dish_1564086709,0.0,1.4641408
dish_1551494095,49.35680269160323,49.619373
dish_1550785481,1.7723631616382818,2.6763136
dish_1566931116,13.229367302646551,13.576797
dish_1563468362,33.45526966825108,33.38246
dish_1566849955,7.057783558200697,7.915978
dish_1565117990,60.702426472983035,57.034298
dish_1558460138,6.993983525555564,7.507916
dish_1562874203,6.323937761389985,8.453898
dish_1564675157,0.0,0.0
dish_1561737248,0.0,0.0
dish_1568666303,95.0,95.0469
dish_1562010130,0.0,0.0
dish_1550706766,95.0,96.09834
dish_1563302420,95.0,95.41847
dish_1551125436,14.927811029053032,14.501668
dish_1567023335,0.0,0.0
dish_1565727791,90.46503298465926,87.72669
dish_1564675060,5.150328776036659,6.450521
dish_1551567170,0.0,0.88938135
dish_1551224928,0.0,0.0
dish_1551396309,0.0,0.0
dish_1563305083,78.95864162603533,79.61251
dish_1565034234,13.229367302646551,13.576797
dish_1551395022,49.35680891247465,49.619373
dish_1551138312,0.0,0.0
dish_1550769882,43.31269387508054,41.662167
dish_1562168365,0.0,0.0054953443
dish_1566488905,0.0,0.0
dish_1566933180,12.40304696938081,17.534533
dish_1550785526,95.0,92.97319
dish_1551305410,0.0,0.07584953
dish_1561739649,12.18755376016756,12.607733
dish_1559238993,0.0,0.012711387
dish_1564686740,0.0,0.0
dish_1550797130,1.6950614040902252,5.4322224
dish_1563307519,0.0,0.0
dish_1558116298,0.0,0.6791105
dish_1551493123,0.0,0.0
dish_1551233708,0.0,0.0
dish_1560454562,42.3160072765385,38.510117
dish_1560802730,54.99007220284931,54.542015
dish_1551225467,1.7723667960435279,2.6763136
dish_1551235699,95.0,93.693954
dish_1551303437,7.424229104278666,21.69549
dish_1551316878,0.0,0.095003985
dish_1567021799,0.0,0.0
dish_1559149615,0.0,0.0
dish_1551323866,95.0,95.15947
dish_1559332795,0.0,0.0
dish_1565195362,0.0,0.0
dish_1561740385,9.391775474232887,10.517802
dish_1560366963,6.993983525555564,7.507916
dish_1563984835,45.41186561140192,38.314156
dish_1551488691,0.0,0.0
dish_1562010266,0.0,0.0
dish_1558638137,0.0,0.0
dish_1562691000,43.46456705882677,42.99428
dish_1551225281,0.0,0.0
dish_1561662926,81.08080787352091,79.24027
dish_1558633158,6.993983525555564,6.8582125
dish_1558725085,4.559696052143096,6.2059784
dish_1565799663,59.78786761364222,60.073345
dish_1565898402,1.7306307002870653,5.5099115
dish_1550793673,84.00124445225615,90.020805
dish_1550772199,0.0,0.21080087
dish_1566851677,0.0,5.035201
dish_1565033189,95.0,95.20293
dish_1558458903,0.0,0.0
dish_1561666875,40.23997901098467,40.468834
dish_1560370833,0.0,0.0
dish_1563389742,95.0,95.03346
dish_1550712369,49.35680269160323,49.619373
dish_1561576449,13.229367302646551,13.576797
dish_1550772701,0.0,0.06437452
dish_1565972384,95.0,93.867386
dish_1564588889,80.97172468599891,80.682236
dish_1561577701,95.0,95.53853
dish_1567024112,0.0,0.05212479
dish_1551321793,0.0,0.624081
dish_1568314857,0.0,0.0
dish_1557862829,22.523681926039515,22.034101
dish_1551306691,10.302213957281026,10.956255
dish_1551375596,95.0,95.15947
dish_1551316737,0.0,0.07584953
dish_1565641915,0.0,0.0
dish_1551493916,0.0,0.25043842
dish_1568217267,0.0,0.0
dish_1558722398,0.0,0.0
dish_1559061752,0.0,0.0
dish_1560889008,6.921139457525612,6.8422904
dish_1565724588,12.485984226487432,12.415441
dish_1558640039,6.993983525555564,6.8582125
dish_1551487472,0.0,4.5101657
dish_1563824304,9.825841001624113,11.633687
dish_1558028194,54.87187701244332,65.63696
dish_1563566939,0.0,0.0
dish_1561404485,3.665956572347838,5.5038066
dish_1562086564,47.44998758807879,42.260956
dish_1563221054,0.0,0.0
dish_1560975628,79.70576113599353,73.5513
dish_1561749750,95.0,95.85248
dish_1563221157,95.0,94.70359
dish_1558636544,0.0,0.0
dish_1560802092,95.0,95.990524
dish_1564170141,7.175344026295335,8.298668
dish_1566333255,52.04576554203853,49.110394
dish_1551375783,95.0,96.019936
dish_1560455263,95.0,95.93217
dish_1561752509,50.70028065745102,44.740047
dish_1563568319,0.0,0.0
dish_1562947020,0.0,0.0
dish_1562777566,0.0,0.0
dish_1558115825,0.0,0.0
dish_1558030910,0.0,0.0
dish_1564675193,76.921164860909,74.149956
dish_1566414291,0.0,0.12836973
dish_1551235946,16.377615842724794,16.165878
dish_1561493975,0.0,0.0
dish_1551373253,0.0,0.0
dish_1560369294,53.35774852928085,45.15032
dish_1551137277,0.0,0.0
dish_1566587714,95.0,95.17884
dish_1563381461,0.0,0.0
dish_1551228669,12.25370423727641,20.312864
dish_1563897981,0.0,0.0
dish_1562702892,5.679754563549082,14.789256
dish_1558640373,6.443774590161738,6.8017626
dish_1560443565,0.0,0.0
dish_1558030971,4.559696052143096,6.2059784
dish_1551494035,0.0,0.2105708
dish_1550705580,49.356799989608746,49.619373
dish_1561575908,0.0,0.02138611
dish_1563909550,0.0,0.0
dish_1567022114,6.993983525555564,7.507916
dish_1560453356,95.0,97.5305
dish_1558723475,6.367234352162683,7.0086718
dish_1563305982,95.0,94.69941
dish_1550862399,0.0,0.0
dish_1551134987,0.0,0.0
dish_1551374712,13.229367302646551,13.576797
dish_1562690950,0.0,0.0
dish_1550797692,0.0,0.0
dish_1568147044,0.0,0.0
dish_1564514906,11.022021951362632,11.508227
dish_1558373352,0.0,0.0
dish_1562179966,0.0,0.0
dish_1551233095,24.4417981085669,25.134335
dish_1562700568,81.27121918629923,83.242035
dish_1558639949,6.367234352162683,7.0086718
dish_1564686966,0.0,0.0
dish_1563294547,0.0,0.0
dish_1568141871,0.0,0.02138611
dish_1563382911,0.0,0.28437692
dish_1561662054,32.79379538048953,34.02651
dish_1560455030,7.172695491222939,7.966314
dish_1561575474,11.99509533587721,12.792474
dish_1565972591,0.0,0.0
dish_1550876012,95.0,93.58872
dish_1563381680,0.0,0.0
dish_1562611680,37.176680453547654,48.299854
dish_1568144828,6.835535167880494,7.5387964
dish_1550708440,0.0,0.0
dish_1551307090,0.0,0.0
dish_1560453174,74.54885399428491,73.608894
dish_1551226363,18.04766898940332,17.725752
dish_1558549773,22.523681926039515,21.837397
dish_1563822597,17.48362797143919,16.436714
dish_1551489812,0.0,0.0
dish_1566417516,49.04080626467734,45.90264
dish_1563996485,15.37544704006325,16.447737
dish_1563998210,51.40371527746495,51.336372
dish_1558459115,0.0,0.0
dish_1564082178,56.04539082809889,54.33913
dish_1558723777,0.0,0.0
dish_1562873028,61.266686827089586,52.628128
dish_1558115867,0.0,0.0
dish_1561580370,0.0,2.069358
dish_1566502211,25.42969961734312,25.535084
dish_1551563213,80.9214032989778,82.05614
dish_1550775318,0.0,0.0
dish_1565383026,9.542909625311765,12.177975
dish_1558642089,6.993983525555564,6.812829
dish_1558723866,13.229367302646551,13.42639
dish_1551380950,0.0,0.0
dish_1559319860,0.0,0.0
dish_1559242568,0.0,0.0
dish_1563824339,8.942700033576173,9.290121
dish_1562094621,13.229367302646551,13.189053
dish_1550707156,0.0,0.0
dish_1560527191,0.0,0.34247375
dish_1558546663,0.0,0.0
dish_1551393210,0.0,0.0
dish_1568314823,0.0,0.0
dish_1563468299,21.876093469513208,20.571074
dish_1551323574,0.0,0.79289705
dish_1551491271,69.5101727436982,69.73813
dish_1558723414,0.0,0.08676122
dish_1562691674,64.29308192038201,64.26126
dish_1562602860,33.564392133719586,34.357704
dish_1568217372,0.0,0.0
dish_1563395480,95.0,96.50162
dish_1558719994,0.0,0.0
dish_1562960520,68.2753888611344,61.94128
dish_1566488928,0.0,0.0
dish_1558031302,0.0,0.32819012
dish_1563910171,81.5105870368395,75.29677
dish_1551392590,24.4417981085669,24.676863
dish_1558116201,0.0,0.0
dish_1550777469,0.0,0.033045787
dish_1562008813,9.389628989964223,10.909479
dish_1551391710,0.0,0.0
dish_1568061202,0.0,1.3520122
dish_1562785132,2.9535657093767895,8.199155
dish_1559233102,0.0,0.25896496
dish_1558639787,13.229367302646551,13.42639
dish_1567542876,0.0,0.0
dish_1561577573,0.0,0.0
dish_1550776957,0.0,0.0
dish_1551395800,0.0,0.0
dish_1558115011,0.0,0.0
dish_1565638323,6.899146563842109,7.58349
dish_1550773394,14.772353138321265,14.821774
dish_1566416421,26.944158407799122,26.67686
dish_1561661347,19.744871633515572,17.396458
dish_1566931586,95.0,96.22055
dish_1551493723,0.0,0.0
dish_1563908923,25.429695407630675,25.535084
dish_1551318068,0.0,0.0
dish_1561061687,95.0,94.63087
dish_1558115448,0.0,0.0
dish_1551228830,0.0,0.0
dish_1561575613,0.0,0.0
dish_1566245437,84.47253736656208,88.5039
dish_1550706583,49.35680623461601,49.853218
dish_1558639335,0.0,0.0
dish_1563382953,6.437900623339473,3.3146303
dish_1550710342,95.0,95.28768
dish_1558725403,0.0,0.0
dish_1550710715,0.0,0.0
dish_1551303476,5.8890961357740395,22.311335
dish_1550776767,0.0,0.0
dish_1551141628,0.0,0.0
dish_1551123986,5.752762941119556,6.57081
dish_1550788827,1.7723579696316705,2.107463
dish_1558628921,6.993983525555564,6.812829
dish_1561662814,0.0,1.6392353
dish_1560366438,13.97111287936832,15.575572
dish_1566931140,13.66510654560659,14.124822
dish_1560360112,0.0,0.005969627
dish_1550788264,0.0,0.0
dish_1562611853,20.088305452503775,15.584687
dish_1551374560,0.0,0.0
dish_1560369146,53.36617928100576,53.90055
dish_1562783691,95.0,94.894615
dish_1565023128,0.0,0.0
dish_1559158354,18.04766898940332,17.725752
dish_1562007842,14.752396801623092,15.566616
dish_1561580431,86.8317363747251,89.28567
dish_1562788010,12.016979336117913,10.996832
dish_1562702853,0.0,0.0
dish_1565627751,0.0,0.0
dish_1562861174,5.363328391429661,6.1279078
dish_1567785165,0.0,0.05799268
dish_1551567604,0.0,0.0
dish_1564083459,0.0,0.0
dish_1558637865,0.0,0.08676122
dish_1563997327,0.0,0.0
dish_1566934120,41.78094904433689,41.032497
dish_1563910639,57.32175841184336,57.36562
dish_1559244649,0.0,2.7625334
dish_1563998513,93.0387168771768,94.48118
dish_1551142128,0.0,0.0
dish_1562170356,0.0,0.2990804
dish_1562963517,13.090651415124867,10.439289
dish_1551376892,0.0,0.0
dish_1561492161,0.0,0.0
dish_1562691064,0.0,2.5644755
dish_1562777000,0.0,0.25896496
dish_1563220109,0.0,2.7886963
dish_1562096542,13.87019313351874,14.580077
dish_1562961588,0.0,0.0
dish_1563823860,12.05294694586263,11.17416
dish_1565640601,95.0,95.002174
dish_1561753275,89.7428048512988,90.40406
dish_1550875968,6.367234352162683,6.9907026
dish_1564170071,8.285301349780326,8.236595
dish_1561667430,0.0,0.5631305
dish_1550771387,3.529134307148283,6.646131
dish_1565032680,0.0,0.0
dish_1561134128,0.054586878357170576,4.1339192
dish_1558550218,0.0,0.09269573
dish_1562963006,11.87300664993596,10.278898
dish_1550795361,0.0,0.32819012
dish_1560541760,94.90000128500098,95.56187
dish_1551313896,0.0,0.43963698
dish_1564687090,62.46300404156119,63.292645
dish_1565725244,95.0,95.922455
dish_1563302447,91.44559028239122,92.97861
dish_1562872150,24.4417981085669,24.676863
dish_1566246415,16.377615842724794,16.2824
dish_1550796686,0.0,0.0
dish_1562613403,56.318309363648495,54.591396
dish_1551389387,0.0,0.0
dish_1563391708,0.0,0.0
dish_1563378660,0.0,0.6627541
dish_1551236550,0.0,0.0
dish_1563566810,0.0,0.0
dish_1561148042,16.746034411773053,23.72532
dish_1562614895,18.04766898940332,17.725752
dish_1568313487,16.377615842724794,16.2824
dish_1568143612,13.492206573099253,13.620305
dish_1566590007,12.55008515156183,13.831874
dish_1566844850,50.489401130450354,42.45023
dish_1561752481,0.0,1.788482
dish_1551233610,0.0,0.31734973
dish_1550876969,0.0,0.0
dish_1550788591,49.127500453328054,47.18738
dish_1550796731,6.367234352162683,6.9907026
dish_1558468401,0.0,0.0
dish_1560798785,19.920391928801138,16.657475
dish_1565379377,95.0,95.38456
dish_1565725123,95.0,94.89462
dish_1550705786,0.0,0.0
dish_1551378449,0.0,1.3137568
dish_1564160161,0.0,0.0
dish_1565207896,70.27598029212885,70.74068
dish_1560788338,95.0,93.24238
dish_1550710542,29.016140072315523,28.44837
dish_1558115364,12.206627287817838,11.225524
dish_1563811662,64.80679590451771,64.10094
dish_1563478751,0.41592937399883567,5.5022063
dish_1561148021,0.0,5.1167674
dish_1558381860,0.0,0.0
dish_1568315988,95.0,95.243546
dish_1551122614,27.465101986435812,27.20796
dish_1558723073,6.993983525555564,7.5824356
dish_1550713174,0.0,0.18008335
dish_1564685450,0.0,0.0
dish_1551226013,27.465101986435812,27.20796
dish_1565023182,0.0,0.0
dish_1551236657,24.4417981085669,24.676863
dish_1558027057,0.0,0.0
dish_1551490433,16.377615842724794,16.100458
dish_1560887457,0.0,0.0
dish_1567625343,10.783871884924238,10.256394
dish_1568405430,0.0,1.2808946
dish_1558468589,24.4417981085669,24.676863
dish_1558468435,18.04766898940332,17.725752
dish_1551564543,0.0,0.0
dish_1566931650,83.60573005185616,88.15755
dish_1551318377,0.0,0.0
dish_1566230222,95.0,95.53887
dish_1551221801,1.7723579696316705,2.107463
dish_1561666640,0.0,0.0
dish_1561665706,0.0,0.0
dish_1558636028,0.0,0.0
dish_1564685229,0.0,0.0
dish_1566587102,68.0471903256639,65.780136
dish_1551225714,0.0,0.0
dish_1562603536,0.0,0.0
dish_1564170098,7.35500278066111,9.778043
dish_1563910276,57.32177630733115,57.36562
dish_1558722322,6.993983525555564,6.812829
dish_1566419546,0.0,0.0
dish_1561580322,28.541276008890094,30.486938
dish_1563480534,77.21260424395312,74.030106
dish_1566501153,0.0,0.0
dish_1562008936,25.429695407630675,25.535084
dish_1550791822,0.0,0.1387889
dish_1551135590,14.772353138321265,14.821774
dish_1560801041,0.0,4.869294
dish_1563897047,95.0,95.53887
dish_1550772314,37.05541461594676,36.25825
dish_1558381084,0.0,0.0
dish_1551564221,0.0,0.0
dish_1550773949,0.0,0.0
dish_1551492732,0.0,0.0
dish_1566500988,12.433418781841382,10.591327
dish_1565119439,0.0,0.0
dish_1564775147,0.0,0.29169583
dish_1568217325,0.0,0.19669324
dish_1565640868,95.0,95.98336
dish_1551373181,0.0,0.0
dish_1558114937,16.377615842724794,16.2824
dish_1558379182,0.0,0.0
dish_1563389413,18.04766898940332,17.725752
dish_1561579673,48.37687462915945,47.033974
dish_1551226101,0.0,0.0
dish_1568132601,3.3743179829180434,5.121807
dish_1558628956,64.50697964008373,64.00848
dish_1567537422,11.81543209241471,11.954125
dish_1561579576,10.092011906951186,9.243983
dish_1551377094,0.0,0.0
dish_1563827482,17.823228229339378,18.401562
dish_1551322577,0.0,0.0
dish_1551390802,0.0,0.0
dish_1550785404,6.993983525555564,6.812829
dish_1558630737,13.229367302646551,13.42639
dish_1568405499,66.46254567473889,65.73116
dish_1563216659,95.0,95.59255
dish_1558723568,0.0,0.0
dish_1558026623,4.559696052143096,6.4055476
dish_1562008429,44.26972193499772,42.443783
dish_1565637578,82.01191258786147,71.773094
dish_1561578898,0.0,0.0
dish_1561404956,95.0,94.33932
dish_1558638844,0.0,0.0
dish_1558379273,0.0,0.0
dish_1551142547,76.41022592062147,64.81397
dish_1563900205,37.36187811514408,36.73087
dish_1561580278,25.429695407630675,25.535084
dish_1550707357,0.0,0.79289705
dish_1566316612,0.0,0.0
dish_1562945499,29.12906316556277,30.719482
dish_1560368162,9.938858235087409,9.731383
dish_1565031283,0.0,0.0
dish_1551565720,88.13501426961454,91.62669
dish_1550777713,6.367234352162683,6.9907026
dish_1559232986,0.0,0.0
dish_1561578188,10.351888858125307,9.403237
dish_1551136396,50.297108523168106,53.130993
dish_1551222833,0.0,3.2701843
dish_1562690886,17.55200388280656,17.977682
dish_1551395766,0.0,0.0
dish_1560543625,95.0,94.70765
dish_1559932674,0.0,0.0
dish_1566931620,95.0,95.17663
dish_1551493311,0.0,0.39387506
dish_1550711314,23.24917928784774,20.618887
dish_1551303285,0.0,0.1387889
dish_1561491180,48.67233912436249,47.24508
dish_1558725702,27.465101986435812,27.20796
dish_1562789240,0.0,0.0
dish_1550863078,0.0,0.0
dish_1560455380,16.705578244168464,17.658854
dish_1563897395,0.0,0.0
dish_1565382733,0.0,0.0
dish_1550708327,25.859945305651593,26.539736
dish_1563221443,0.0,0.0
dish_1562875211,0.0,0.8428114
dish_1561492519,0.0,7.8188434
dish_1561997248,0.0,0.0
dish_1558723719,0.0,0.0
dish_1550771191,0.0,0.0
dish_1562691566,67.62568124501476,71.084656
dish_1563909507,14.109706387949487,15.608383
dish_1566414723,60.62267798407237,57.9307
dish_1564589025,0.0,0.0
dish_1563822636,95.0,96.626526
dish_1558115512,0.0,0.0
dish_1564588533,29.781299594581014,30.660236
dish_1558544427,0.0,0.0
dish_1564601569,4.791759260012498,5.8674884
dish_1561480414,0.0,2.6800942
dish_1561407208,60.94427364336214,60.15965
dish_1564589308,0.0,0.0
dish_1558379391,0.0,0.7546929
dish_1550707056,0.0,0.0
dish_1551395396,16.377615842724794,16.100458
dish_1563897369,0.0,0.0
dish_1551565096,64.661896612182,51.445633
dish_1551324180,13.229367302646551,13.42639
dish_1550711688,7.633255783449258,7.8269014
dish_1563908996,95.0,95.951256
dish_1565035830,95.0,96.224075
dish_1551224380,0.0,0.0
dish_1565898590,67.06783902156704,69.119736
dish_1558718974,0.0,0.0
dish_1551494147,0.0,0.0
dish_1551223394,0.0,0.0
dish_1550774895,0.0,0.0
dish_1550861458,0.0,0.29420906
dish_1566590987,30.915878094010623,40.294617
dish_1567110665,53.289231529163565,49.704166
dish_1559925174,0.0,0.0
dish_1550874829,0.0,0.0
dish_1550713423,7.633255783449258,7.8269014
dish_1567019993,26.92909560356881,27.212297
dish_1565811335,19.633489487709113,18.912916
dish_1563221086,71.82617592357904,70.37894
dish_1551565068,64.66188557180564,51.445633
dish_1551392884,0.0,0.0
dish_1565036922,0.0,6.1456428
dish_1563220802,95.0,95.17038
dish_1562691613,19.15080912893302,15.715849
dish_1559843222,0.0,0.0
dish_1560455421,39.242836656293235,46.50009
dish_1562959517,0.0,0.0
dish_1566413321,22.523681926039515,21.837397
dish_1561746876,0.0,0.43033332
dish_1562788732,2.9535739799995184,8.199155
dish_1568060542,80.19354948352608,73.875656
dish_1566402095,95.0,93.58564
dish_1566501012,5.968485119113694,7.167516
dish_1550773284,0.0,0.0
dish_1562945779,0.0,0.0
dish_1566317775,0.0,0.39270514
dish_1558115915,0.0,0.0
dish_1558719298,0.0,0.0
dish_1550791214,22.076091895133374,24.653755
dish_1559589902,21.958001577556047,20.12764
dish_1567525681,0.0,0.98390776
dish_1565898361,0.0,0.18944293
dish_1560529825,0.0,0.0
dish_1562774504,0.0,0.23556979
dish_1562872945,48.60654582122314,41.198776
dish_1563996509,95.0,94.86712
dish_1561999287,17.552013742305718,17.977682
dish_1562700496,13.229367302646551,13.42639
dish_1559846034,18.04766898940332,17.725752
dish_1551233403,16.56515162448791,16.601654
dish_1562086740,0.0,0.0
dish_1561574974,7.506909144122204,7.950165
dish_1551379045,13.654453041171934,12.370966
dish_1562945900,0.0,0.0
dish_1561576212,0.0,0.0
dish_1551566464,13.229367302646551,13.42639
dish_1563218031,95.0,96.20729
dish_1563823814,5.699676455848319,7.0415926
dish_1560444914,4.82865638334458,6.4570208
dish_1551221892,55.554481090328785,49.22487
dish_1566591048,0.0,1.702806
dish_1565107066,0.0,0.25896496
dish_1561481577,0.0,0.0
dish_1561737839,0.0,0.0
dish_1550796152,0.0,0.0
dish_1561405887,36.87074207592368,46.536728
dish_1551381249,8.285301349780326,8.028993
dish_1559845637,0.0,0.32819012
dish_1558372695,0.0,0.0
dish_1558373074,95.0,94.99737
dish_1559849053,0.0,0.0
dish_1550795331,0.0,0.0
dish_1568401199,81.56963705975728,76.339935
dish_1566332116,10.09522617226989,11.989127
dish_1551382115,0.0,0.1387889
dish_1550774244,0.0,0.0
dish_1565972363,95.0,95.53887
dish_1559319902,0.0,0.0
dish_1563996464,15.303504570123536,16.235996
dish_1561663990,56.04539057311178,54.33913
dish_1550710664,7.633255783449258,7.8269014
dish_1562774159,0.0,0.0
dish_1560527950,5.150328776036659,6.4982724
dish_1561062286,2.2750346457184776,8.084319
dish_1551392752,0.0,1.8110645
dish_1551228715,12.25370423727641,21.26336
dish_1551566083,0.0,0.0
dish_1551133870,6.367234352162683,6.9907026
dish_1562862550,21.946911307503854,11.74936
dish_1562687527,11.87152502420794,12.063504
dish_1565727765,17.849040311957836,16.58809
dish_1561404438,0.0,0.0
dish_1551323662,95.0,94.42129
dish_1551563925,69.51016997947956,69.73813
dish_1550772270,37.05541461594676,36.25825
dish_1551399449,0.0,0.0
dish_1560455224,0.0,2.3676083
dish_1558641211,6.993983525555564,6.812829
dish_1567107049,0.0,0.0
dish_1567537457,29.385664610328405,23.866177
dish_1563305321,6.921133398086454,6.5531983
dish_1558630600,0.0,0.0
dish_1566328894,0.0,0.12169351
dish_1550712622,0.0,0.3275977
dish_1567022147,10.070420733589415,9.586805
dish_1559841023,0.0,0.0
dish_1567542914,0.0,0.69584966
dish_1566931674,0.0,0.0
dish_1560270630,0.0,0.0
dish_1565898723,95.0,96.045074
dish_1551393069,0.0,0.1387889
dish_1561997900,0.0,0.0
dish_1550771606,0.0,0.0
dish_1565107119,95.0,94.88836
dish_1565020755,0.0,0.0
dish_1565119642,19.344296749046634,17.593327
dish_1562950018,0.0,0.0
dish_1551493159,0.0,0.0
dish_1567801748,0.0,0.0
dish_1559844063,0.0,0.0
dish_1559848857,0.0,0.074146196
dish_1561407312,75.7308519526207,70.391464
dish_1562009894,0.0,0.0
dish_1568048053,0.0,0.0
dish_1558115282,95.0,94.99737
dish_1551235669,0.0,0.0
dish_1559158425,22.52368192603953,21.837397
dish_1551221853,13.229367302646551,13.42639
dish_1550793192,0.0,0.0
dish_1560975491,25.429695407630675,25.535084
dish_1563813360,0.0,0.092551574
dish_1551317589,0.0,1.8110645
dish_1550861670,0.0,0.25896496
dish_1550779336,0.0,0.48455217
dish_1551319895,0.0,0.0
dish_1559240875,0.0,0.0
dish_1567785622,0.0,0.0
dish_1565809033,95.0,93.154205
dish_1568233403,16.377615842724794,16.2824
dish_1562785159,48.39998303887279,44.24471
dish_1560455179,9.438877335115848,10.769076
dish_1558637351,0.0,0.0
dish_1565118096,95.0,95.01224
dish_1551235759,95.0,93.866615
dish_1550774815,0.0,0.0
dish_1562690144,0.0,0.0
dish_1558461760,6.993983525555564,7.5824356
dish_1559751744,83.92944263442338,86.68619
dish_1550706237,0.0,0.0
dish_1563206409,0.0,0.0
dish_1565031338,49.88425769164818,49.2609
dish_1565382969,22.52368192603953,21.837397
dish_1560366998,5.319275916938324,6.365407
dish_1565896745,0.0,1.4279661
dish_1550862908,0.0,0.0
dish_1551564423,6.993983525555564,6.812829
dish_1560526472,0.0,2.2394981
dish_1550712877,0.0,0.07378399
dish_1559844928,0.0,0.32819012
dish_1561480460,50.67697545220705,48.305496
dish_1551222527,13.229367302646551,13.42639
dish_1562602627,0.0,0.07661044
dish_1562788536,0.0,0.0
dish_1558113255,6.367234352162683,6.9907026
dish_1550873434,49.35680462999063,49.853218
dish_1565811025,87.67065271518968,85.72501
dish_1566851584,0.0,11.708031
dish_1565020926,14.138161681509317,13.598053
dish_1562173411,0.0,0.15819079
dish_1559590130,91.02201452209084,91.62904
dish_1568047973,39.420982321813995,33.1778
dish_1565034681,0.0,0.0
dish_1565627800,93.3176111330597,90.74226
dish_1551379408,69.49470069399514,68.332405
dish_1562086037,0.0,0.0
dish_1550777256,0.0,0.0
dish_1551324331,95.0,96.29681
dish_1558639673,6.993983525555564,7.5824356
dish_1551567106,0.0,0.0
dish_1564073641,0.0,0.0
dish_1560874751,0.0,0.0
dish_1565981898,36.418873076598715,36.815178
dish_1551304456,0.0,0.033045787
dish_1558641358,13.229367302646551,13.42639
dish_1558724853,27.465101986435798,27.20796
dish_1562008476,95.0,96.40122
dish_1550797094,18.04766898940332,17.725752
dish_1551234288,15.603132121891207,15.156893
dish_1564689138,0.0,0.0
dish_1563897938,0.0,0.0
dish_1562686548,21.116594206202976,15.677333
dish_1568229399,0.0,0.0
dish_1550859356,0.0,0.0
dish_1550862495,5.752762941119556,6.57081
dish_1560453150,0.0,0.87892854
dish_1561749778,95.0,95.78661
dish_1551563723,0.0,0.0
dish_1565383159,0.0,0.5607908
dish_1551375715,6.367234352162683,6.9907026
dish_1561575192,14.499566775324823,16.178736
dish_1565207694,76.04958877565328,71.16861
dish_1560444637,0.0,0.0
dish_1558641253,0.0,0.08676122
dish_1559235771,0.0,0.6627541
dish_1562700593,64.67076483469233,65.92359
dish_1565382762,0.0,0.12452974
dish_1550712459,0.0,15.458008
dish_1550777025,0.0,0.0
dish_1565208611,26.045138867444052,24.973658
dish_1551390528,13.229367302646551,13.42639
dish_1558380058,0.0,0.0
dish_1550793023,6.367234352162683,6.9907026
dish_1551228478,0.0,0.055577125
dish_1550781280,18.04766898940332,17.725752
dish_1567108037,0.0,0.36186364
dish_1550778646,0.0,0.0
dish_1558630450,0.0,0.0
dish_1563827188,95.0,95.81408
dish_1568305198,0.0,0.0
dish_1562875159,0.0,0.0
dish_1551224283,13.229367302646551,13.42639
dish_1558116547,95.0,94.99737
dish_1566501067,28.213493948566963,26.628212
dish_1558639979,0.0,0.0
dish_1560529804,5.150328776036659,6.4982724
dish_1551394835,0.0,0.0
dish_1551493680,0.0,0.0
dish_1565726949,74.81494956927965,71.471115
dish_1563218987,0.0,0.0
dish_1551134622,0.0,0.0
dish_1551232686,69.51016580494542,69.73813
dish_1564170283,0.0,0.7912132
dish_1565728494,0.0,0.0
dish_1558380152,95.0,94.99737
dish_1564082212,47.96612757057267,49.636486
dish_1551566642,6.993983525555564,6.812829
dish_1562614088,18.04766898940332,17.725752
dish_1563222850,36.14815977137627,41.325615
dish_1564775216,0.0,1.0997198
dish_1558630176,0.0,0.0
dish_1565194781,81.3684010375051,79.40584
dish_1568404850,0.0,0.16901718
dish_1563391333,6.916807601167619,8.228142
dish_1568666263,15.25460296147888,15.269365
dish_1567107989,0.0,2.3638508
dish_1551399340,0.0,0.0
dish_1565638365,12.064498221343001,10.600204
dish_1550793245,0.0,0.0
dish_1551399402,0.0,0.033045787
dish_1551565168,13.229367302646551,13.42639
dish_1566589933,95.0,95.243546
dish_1562617370,0.0,0.0
dish_1562788760,0.0,0.0
dish_1561662532,0.0,3.992669
dish_1551125258,27.465101986435812,27.20796
dish_1561577848,51.403735897408595,51.336372
dish_1551395194,95.0,95.26445
dish_1566244964,78.21105064626876,80.27423
dish_1559841127,81.97349106999553,84.24774
dish_1551564053,81.92299983595746,85.16606
dish_1561576652,9.576888724407482,9.0061
dish_1551390872,0.0,1.7152042
dish_1559667948,0.0,0.6627541
dish_1561567086,0.0,0.0
dish_1551123072,6.367234352162683,6.9907026
dish_1563303386,94.0526301797585,93.747925
dish_1567525744,0.0,2.1970286
dish_1564590226,0.0,0.0
dish_1550706096,14.772353138321265,14.821774
dish_1559243139,6.921131797480086,6.5531983
dish_1550712585,14.772353138321265,14.821774
dish_1562702091,9.809343022830845,10.432351
dish_1563304881,48.65883715291491,49.96212
dish_1565641844,0.0,0.12169351
dish_1562700931,10.874989086816129,13.126953
dish_1558724766,0.0,0.0
dish_1551225541,27.38693205274221,31.658403
dish_1561576737,93.61813458694348,93.553986
dish_1550712486,0.0,15.458008
dish_1551304571,0.0,0.25896496
dish_1563465805,0.0,0.0
dish_1560888849,55.95479671075636,53.726433
dish_1550771330,0.0,0.25896496
dish_1551321757,0.0,0.63360983
dish_1558031526,0.0,0.0
dish_1561580406,93.05532749620633,93.85003
dish_1551223023,0.0,0.0804726
dish_1551139325,70.24904019743036,70.38704
dish_1562862529,57.09321414179828,57.630024
dish_1560961059,0.0,0.0
dish_1566333118,0.0,0.12169351
dish_1559849020,0.0,0.0
dish_1562690112,0.0,0.0
dish_1551235270,0.0,0.0
dish_1566835701,80.63381680675477,80.46907
dish_1563294465,0.0,0.0
dish_1563216381,18.04766898940332,17.725752
dish_1561654756,73.08038599325434,70.51164
dish_1560801020,0.0,4.3060527
dish_1551392347,0.0,0.0
dish_1565812186,95.0,94.89386
dish_1551377209,95.0,92.27835
dish_1551378018,16.377615842724794,16.100458
dish_1566331868,82.00825391934214,74.809944
dish_1566245365,0.0,0.0
dish_1566849862,0.0,0.0
dish_1551565529,69.62140411298634,70.38003
dish_1551566753,95.0,93.84689
dish_1563565805,33.99814527225185,32.115284
dish_1566329257,54.471272000733194,57.114754
dish_1563295360,0.0,0.17271
dish_1563378073,58.84701895421783,57.466232
dish_1550874079,1.7723658907703879,2.107463
dish_1560539396,61.179447827358075,57.582085
dish_1561060558,7.648173801693332,5.420656
dish_1551563337,0.0,0.0
dish_1551488103,6.993983525555564,6.812829
dish_1558640882,6.367234352162683,6.9907026
dish_1558638163,6.993983525555564,6.812829
dish_1558630867,0.0,0.0
dish_1566415591,51.86768983873118,49.902763
dish_1559061675,5.150328776036659,6.4982724
dish_1551486571,0.0,0.0
dish_1550778172,44.12583760599378,43.707687
dish_1563898880,0.0,3.088871
dish_1551122795,0.0,0.79289705
dish_1551566524,95.0,94.76328
dish_1562689519,95.0,95.5121
dish_1558639588,0.0,0.0
dish_1563307488,0.0,0.0
dish_1566419603,0.0,1.1821465
dish_1550772367,0.0,0.0
dish_1558031237,6.367234352162683,6.9907026
dish_1559157919,0.0,0.0
dish_1551381877,0.0,0.0
dish_1551136814,0.0,0.5845438
dish_1565896701,0.0,0.445697
dish_1558641391,6.367234352162683,6.9907026
dish_1551492056,58.684264320690644,58.873234
dish_1566332154,95.0,96.213974
dish_1563824092,8.090629917851388,8.339634
dish_1550711244,0.0,0.79289705
dish_1558630814,0.0,0.0
dish_1551323487,95.0,95.26445
dish_1558720335,6.367234352162683,6.9907026
dish_1564590254,0.0,0.10752195
dish_1565711183,95.0,95.48651
dish_1551490503,0.0,0.9126376
dish_1551318673,14.360531234086679,12.603044
dish_1563909580,0.0,0.0
dish_1566838317,0.0,3.8041708
dish_1564083480,0.0,0.0
dish_1551384080,0.0,0.0
dish_1567785709,0.0,2.8239164
dish_1559934708,95.0,95.07814
dish_1551237321,19.399599250508345,22.733746
dish_1559674866,10.378358293203135,9.673247
dish_1551222068,7.633255783449258,7.8269014
dish_1551314390,0.0,0.42168432
dish_1563378690,0.0,0.14165346
dish_1562784388,0.0,0.0
dish_1560270537,0.0,0.0
dish_1551134138,36.80971281010352,33.47565
dish_1562785184,77.17686883984004,72.413574
dish_1562008738,14.459568718647049,15.719768
dish_1566328745,76.64477983323454,73.25745
dish_1561740353,6.263506047674198,10.314095
dish_1550708702,0.0,0.70833087
dish_1561736736,0.0,0.15734842
dish_1550876055,95.0,93.58872
dish_1563551006,0.0,0.0
dish_1564415499,0.0,0.0
dish_1551488485,65.32331652306749,66.13148
dish_1566587662,19.344296749046634,17.593327
dish_1559062005,0.0,0.0
dish_1551392519,95.0,95.243546
dish_1568144612,18.04766898940332,17.725752
dish_1567612986,89.17965572137544,88.27923
dish_1563480476,57.32177510794106,57.36562
dish_1565637162,0.0,0.0
dish_1566246541,76.57362315153333,73.9477
dish_1561662842,60.88551297890265,60.85914
dish_1561147967,0.0,0.0
dish_1565207727,0.0,13.107968
dish_1563476408,0.0,5.1705704
dish_1564518454,0.0,0.12169351
dish_1562873002,61.282215166062585,51.35509
dish_1565020822,76.26528307288504,74.46979
dish_1551491090,31.74761543020219,34.432976
dish_1559846363,0.0,0.0
dish_1551391337,95.0,95.96591
dish_1551493854,0.0,0.0
dish_1562958721,0.0,0.0
dish_1562961609,0.0,0.0
dish_1563294987,0.0,0.0
dish_1551304197,47.81389458502171,44.641365
dish_1551378179,0.0,0.7141276
dish_1565884766,95.0,94.84198
dish_1563294408,0.0,0.0
dish_1563812615,95.0,95.31389
dish_1566835641,95.0,93.12524
dish_1568060414,13.254427660491942,14.2755165
dish_1551563511,8.285301349780326,8.028993
dish_1551235561,0.0,0.0
dish_1551391758,73.95667365986154,69.43422
dish_1550770222,18.04766898940332,17.725752
dish_1551564857,0.0,0.0
dish_1558376768,95.0,94.99737
dish_1551318504,13.229367302646551,13.42639
dish_1561996647,0.8482464135324079,4.190735
dish_1566849295,0.0,3.5668588
dish_1551137431,0.0,0.0
dish_1559844323,0.0,0.07433447
dish_1558029686,0.0,0.0
dish_1551491216,0.0,0.25896496
dish_1565382833,0.0,0.586617
dish_1551313872,0.0,1.8110645
dish_1551563890,95.0,94.909805
dish_1551224175,22.418681536703886,21.02346
dish_1561741090,82.60424768067402,85.06556
dish_1562085132,0.0,0.0
dish_1551490544,0.0,0.9126376
dish_1551234214,7.633255783449258,7.8269014
dish_1566587182,8.87162761841418,13.11172
dish_1550779153,18.04766898940332,17.725752
dish_1550792194,6.367234352162683,6.9907026
dish_1558382263,71.2576763710618,72.97853
dish_1550778401,7.633255783449258,7.8269014
dish_1558114484,0.0,0.0
dish_1560798815,24.21199550203012,16.775383
dish_1551395909,16.377615842724794,16.100458
dish_1550875347,0.0,10.947006
dish_1563378435,0.0,0.017533597
dish_1560367698,0.0,3.3849068
dish_1558379712,0.0,0.0
dish_1567612954,0.0,0.0
dish_1561663606,54.486601144837174,55.00147
dish_1558116436,0.0,0.0
dish_1561481673,0.0,2.9466267
dish_1567625294,0.0,0.0
dish_1557936645,5.752762941119556,6.604855
dish_1568313640,16.163637362520774,14.634573
dish_1563555563,47.14334350825277,42.222584
dish_1562875898,78.4247532030782,80.232864
dish_1551494058,0.0,0.0
dish_1566242111,6.76254233831169,10.091567
dish_1550771938,14.772353138321265,14.821774
dish_1559846585,0.0,0.0
dish_1551392376,23.86974662548083,23.933035
dish_1562686492,0.0,0.0
dish_1563997418,0.0,2.4854796
dish_1551318543,8.285301349780326,8.028993
dish_1565724552,11.389489905318314,11.386016
dish_1564415140,95.0,95.599754
dish_1565884738,95.0,90.99414
dish_1559239256,0.0,0.0
dish_1562168673,0.0,0.0
dish_1563302391,89.48860476452752,89.1971
dish_1558628711,0.0,0.0
dish_1560357297,0.0,0.0
dish_1550710758,0.0,0.0
dish_1564588820,95.0,95.53887
dish_1550713065,0.0,0.0
dish_1550777827,0.0,2.564005
dish_1550793300,0.0,0.0
dish_1558722748,0.0,0.08676122
dish_1563898688,18.04766898940332,17.725752
dish_1565021965,95.0,95.53887
dish_1551134895,0.0,0.4461665
dish_1561663914,94.32127033524642,93.91587
dish_1550861520,0.0,0.29420906
dish_1551490670,0.0,0.0
dish_1561060613,92.18455077613733,94.06824
dish_1561575445,10.368586202409517,9.403237
dish_1550876619,5.752762941119556,6.57081
dish_1563475874,6.92093511906495,7.061206
dish_1563379163,0.0,0.0
dish_1550862733,0.0,0.0
dish_1562010394,0.0,0.28264832
dish_1559593722,0.0,0.0
dish_1561480439,0.0,0.9616136
dish_1559674781,2.327008049483453,5.014529
dish_1566244863,13.772178886895588,13.932605
dish_1560367676,0.0,0.0
dish_1550777418,0.0,0.0
dish_1551306375,0.0,0.17330739
dish_1565378680,0.0,0.0
dish_1565972429,84.16006197318286,85.42185
dish_1566230300,87.18612108476643,89.184235
dish_1562008394,7.633255783449258,7.8269014
dish_1560445004,29.22656769418839,28.606285
dish_1559674074,0.0,0.0
dish_1564086709,0.0,1.5967445
dish_1551494095,49.35680269160323,49.853218
dish_1550785481,1.7723631616382818,2.107463
dish_1566931116,13.229367302646551,13.42639
dish_1563468362,33.45526966825108,33.420788
dish_1566849955,7.057783558200697,7.889853
dish_1565117990,60.702426472983035,56.71021
dish_1558460138,6.993983525555564,7.5824356
dish_1562874203,6.323937761389985,8.254327
dish_1564675157,0.0,0.0
dish_1561737248,0.0,0.0
dish_1568666303,95.0,94.76586
dish_1562010130,0.0,0.0
dish_1550706766,95.0,96.0833
dish_1563302420,95.0,95.33544
dish_1551125436,14.927811029053032,14.417877
dish_1567023335,0.0,0.0
dish_1565727791,90.46503298465926,88.32212
dish_1564675060,5.150328776036659,6.4982724
dish_1551567170,0.0,0.78909487
dish_1551224928,0.0,0.0
dish_1551396309,0.0,0.0
dish_1563305083,78.95864162603533,78.89527
dish_1565034234,13.229367302646551,13.42639
dish_1551395022,49.35680891247465,49.853218
dish_1551138312,0.0,0.0
dish_1550769882,43.31269387508054,41.35921
dish_1562168365,0.0,0.0
dish_1566488905,0.0,0.0
dish_1566933180,12.40304696938081,17.630896
dish_1550785526,95.0,92.83106
dish_1551305410,0.0,0.1387889
dish_1561739649,12.18755376016756,12.22536
dish_1559238993,0.0,0.0
dish_1564686740,0.0,0.0
dish_1550797130,1.6950614040902252,5.261947
dish_1563307519,0.0,0.07626556
dish_1558116298,0.0,0.62135684
dish_1551493123,0.0,0.0
dish_1551233708,0.0,0.0
dish_1560454562,42.3160072765385,39.082474
dish_1560802730,54.99007220284931,54.519566
dish_1551225467,1.7723667960435279,2.107463
dish_1551235699,95.0,93.866615
dish_1551303437,7.424229104278666,22.311335
dish_1551316878,0.0,0.045332424
dish_1567021799,0.0,0.0
dish_1559149615,0.0,0.0
dish_1551323866,95.0,95.26445
dish_1559332795,0.0,0.0
dish_1565195362,0.0,0.0
dish_1561740385,9.391775474232887,10.405346
dish_1560366963,6.993983525555564,7.5824356
dish_1563984835,45.41186561140192,38.38277
dish_1551488691,0.0,0.0
dish_1562010266,0.0,0.0
dish_1558638137,0.0,0.0
dish_1562691000,43.46456705882677,43.471924
dish_1551225281,0.0,0.0
dish_1561662926,81.08080787352091,78.85949
dish_1558633158,6.993983525555564,6.812829
dish_1558725085,4.559696052143096,6.4055476
dish_1565799663,59.78786761364222,60.18706
dish_1565898402,1.7306307002870653,5.251119
dish_1550793673,84.00124445225615,89.86638
dish_1550772199,0.0,0.32819012
dish_1566851677,0.0,5.67539
dish_1565033189,95.0,95.146385
dish_1558458903,0.0,0.0
dish_1561666875,40.23997901098467,41.435806
dish_1560370833,0.0,0.0
dish_1563389742,95.0,95.1359
dish_1550712369,49.35680269160323,49.853218
dish_1561576449,13.229367302646551,13.42639
dish_1550772701,0.0,0.033045787
dish_1565972384,95.0,93.8624
dish_1564588889,80.97172468599891,80.91135
dish_1561577701,95.0,95.84526
dish_1567024112,0.0,0.11248549
dish_1551321793,0.0,0.63360983
dish_1568314857,0.0,0.0
dish_1557862829,22.523681926039515,21.837397
dish_1551306691,10.302213957281026,10.909646
dish_1551375596,95.0,95.26445
dish_1551316737,0.0,0.1387889
dish_1565641915,0.0,0.0
dish_1551493916,0.0,0.0
dish_1568217267,0.0,0.0
dish_1558722398,0.0,0.0
dish_1559061752,0.0,0.0
dish_1560889008,6.921139457525612,6.5531983
dish_1565724588,12.485984226487432,12.483308
dish_1558640039,6.993983525555564,6.812829
dish_1551487472,0.0,3.8702695
dish_1563824304,9.825841001624113,11.649341
dish_1558028194,54.87187701244332,65.525246
dish_1563566939,0.0,0.0
dish_1561404485,3.665956572347838,5.6337614
dish_1562086564,47.44998758807879,42.395634
dish_1563221054,0.0,0.0
dish_1560975628,79.70576113599353,73.162415
dish_1561749750,95.0,95.932106
dish_1563221157,95.0,94.74163
dish_1558636544,0.0,0.0
dish_1560802092,95.0,96.03969
dish_1564170141,7.175344026295335,8.013067
dish_1566333255,52.04576554203853,49.062325
dish_1551375783,95.0,96.13861
dish_1560455263,95.0,95.97437
dish_1561752509,50.70028065745102,44.85745
dish_1563568319,0.0,0.0
dish_1562947020,0.0,0.0
dish_1562777566,0.0,0.0
dish_1558115825,0.0,0.0
dish_1558030910,0.0,0.0
dish_1564675193,76.921164860909,74.27043
dish_1566414291,0.0,0.12986228
dish_1551235946,16.377615842724794,16.2824
dish_1561493975,0.0,0.0
dish_1551373253,0.0,0.0
dish_1560369294,53.35774852928085,45.288258
dish_1551137277,0.0,0.0
dish_1566587714,95.0,95.126945
dish_1563381461,0.0,0.0
dish_1551228669,12.25370423727641,21.26336
dish_1563897981,0.0,0.0
dish_1562702892,5.679754563549082,14.263775
dish_1558640373,6.443774590161738,6.9726205
dish_1560443565,0.0,0.0
dish_1558030971,4.559696052143096,6.4055476
dish_1551494035,0.0,0.0
dish_1550705580,49.356799989608746,49.853218
dish_1561575908,0.0,0.12169351
dish_1563909550,0.0,0.0
dish_1567022114,6.993983525555564,7.5824356
dish_1560453356,95.0,97.47861
dish_1558723475,6.367234352162683,6.9907026
dish_1563305982,95.0,94.59947
dish_1550862399,0.0,0.0
dish_1551134987,0.0,0.0
dish_1551374712,13.229367302646551,13.42639
dish_1562690950,0.0,0.0
dish_1550797692,0.0,0.0
dish_1568147044,0.0,0.0
dish_1564514906,11.022021951362632,11.585711
dish_1558373352,0.0,0.0
dish_1562179966,0.0,0.0
dish_1551233095,24.4417981085669,24.676863
dish_1562700568,81.27121918629923,82.84338
dish_1558639949,6.367234352162683,6.9907026
dish_1564686966,0.0,0.0
dish_1563294547,0.0,0.0
dish_1568141871,0.0,0.12169351
dish_1563382911,0.0,0.25896496
dish_1561662054,32.79379538048953,33.483585
dish_1560455030,7.172695491222939,7.7881303
dish_1561575474,11.99509533587721,12.7497635
dish_1565972591,0.0,0.0
dish_1550876012,95.0,93.38826
dish_1563381680,0.0,0.0
dish_1562611680,37.176680453547654,48.206333
dish_1568144828,6.835535167880494,7.6320643
dish_1550708440,0.0,0.0
dish_1551307090,0.0,0.0
dish_1560453174,74.54885399428491,74.045044
dish_1551226363,18.04766898940332,17.693626
dish_1558549773,22.523681926039515,21.754988
dish_1563822597,17.48362797143919,16.36496
dish_1551489812,0.0,0.0
dish_1566417516,49.04080626467734,45.736965
dish_1563996485,15.37544704006325,15.955083
dish_1563998210,51.40371527746495,50.78769
dish_1558459115,0.0,0.0
dish_1564082178,56.04539082809889,53.925488
dish_1558723777,0.0,0.0
dish_1562873028,61.266686827089586,53.325325
dish_1558115867,0.0,0.0
dish_1561580370,0.0,2.3715239
dish_1566502211,25.42969961734312,25.709454
dish_1551563213,80.9214032989778,81.99847
dish_1550775318,0.0,0.0
dish_1565383026,9.542909625311765,12.058347
dish_1558642089,6.993983525555564,6.883531
dish_1558723866,13.229367302646551,13.38217
dish_1551380950,0.0,0.0
dish_1559319860,0.0,0.0
dish_1559242568,0.0,0.0
dish_1563824339,8.942700033576173,9.187507
dish_1562094621,13.229367302646551,13.285979
dish_1550707156,0.0,0.020688752
dish_1560527191,0.0,0.40396774
dish_1558546663,0.0,0.0
dish_1551393210,0.0,0.0
dish_1568314823,0.0,0.0
dish_1563468299,21.876093469513208,20.168285
dish_1551323574,0.0,0.94514775
dish_1551491271,69.5101727436982,69.431335
dish_1558723414,0.0,0.015491652
dish_1562691674,64.29308192038201,64.458015
dish_1562602860,33.564392133719586,34.011665
dish_1568217372,0.0,0.0
dish_1563395480,95.0,96.699905
dish_1558719994,0.0,0.0
dish_1562960520,68.2753888611344,61.82927
dish_1566488928,0.0,0.0
dish_1558031302,0.0,0.32394367
dish_1563910171,81.5105870368395,75.31249
dish_1551392590,24.4417981085669,24.895864
dish_1558116201,0.0,0.0
dish_1550777469,0.0,0.047521908
dish_1562008813,9.389628989964223,10.500099
dish_1551391710,0.0,0.0
dish_1568061202,0.0,1.5283067
dish_1562785132,2.9535657093767895,8.090514
dish_1559233102,0.0,0.46072796
dish_1558639787,13.229367302646551,13.38217
dish_1567542876,0.0,0.19936745
dish_1561577573,0.0,0.0
dish_1550776957,0.0,0.0
dish_1551395800,0.0,0.0
dish_1558115011,0.0,0.0
dish_1565638323,6.899146563842109,7.606031
dish_1550773394,14.772353138321265,14.719856
dish_1566416421,26.944158407799122,27.124964
dish_1561661347,19.744871633515572,17.445717
dish_1566931586,95.0,96.19302
dish_1551493723,0.0,0.0
dish_1563908923,25.429695407630675,25.709454
dish_1551318068,0.0,0.0
dish_1561061687,95.0,94.88267
dish_1558115448,0.0,0.0
dish_1551228830,0.0,0.0
dish_1561575613,0.0,0.0
dish_1566245437,84.47253736656208,88.86804
dish_1550706583,49.35680623461601,48.97666
dish_1558639335,0.0,0.0
dish_1563382953,6.437900623339473,3.4968379
dish_1550710342,95.0,95.175385
dish_1558725403,0.0,0.0
dish_1550710715,0.0,0.0
dish_1551303476,5.8890961357740395,20.587185
dish_1550776767,0.0,0.0
dish_1551141628,0.0,0.0
dish_1551123986,5.752762941119556,6.6437273
dish_1550788827,1.7723579696316705,2.023139
dish_1558628921,6.993983525555564,6.883531
dish_1561662814,0.0,1.2002867
dish_1560366438,13.97111287936832,15.384945
dish_1566931140,13.66510654560659,14.125003
dish_1560360112,0.0,0.0
dish_1550788264,0.0,0.0
dish_1562611853,20.088305452503775,16.063211
dish_1551374560,0.0,0.0
dish_1560369146,53.36617928100576,54.121956
dish_1562783691,95.0,94.94176
dish_1565023128,0.0,0.0
dish_1559158354,18.04766898940332,17.693626
dish_1562007842,14.752396801623092,13.120928
dish_1561580431,86.8317363747251,89.304535
dish_1562788010,12.016979336117913,10.700813
dish_1562702853,0.0,0.0
dish_1565627751,0.0,0.0
dish_1562861174,5.363328391429661,6.228726
dish_1567785165,0.0,0.22740886
dish_1551567604,0.0,0.0
dish_1564083459,0.0,0.0
dish_1558637865,0.0,0.015491652
dish_1563997327,0.0,0.0
dish_1566934120,41.78094904433689,40.784897
dish_1563910639,57.32175841184336,57.306896
dish_1559244649,0.0,1.8533033
dish_1563998513,93.0387168771768,94.38512
dish_1551142128,0.0,0.0
dish_1562170356,0.0,0.5841181
dish_1562963517,13.090651415124867,10.250127
dish_1551376892,0.0,0.0
dish_1561492161,0.0,0.0
dish_1562691064,0.0,2.9403048
dish_1562777000,0.0,0.46072796
dish_1563220109,0.0,3.1241343
dish_1562096542,13.87019313351874,14.70858
dish_1562961588,0.0,0.0
dish_1563823860,12.05294694586263,11.073767
dish_1565640601,95.0,95.50401
dish_1561753275,89.7428048512988,90.2712
dish_1550875968,6.367234352162683,7.024523
dish_1564170071,8.285301349780326,7.96116
dish_1561667430,0.0,0.20947662
dish_1550771387,3.529134307148283,6.1702666
dish_1565032680,0.0,0.0
dish_1561134128,0.054586878357170576,4.3425865
dish_1558550218,0.0,0.39607328
dish_1562963006,11.87300664993596,10.0328455
dish_1550795361,0.0,0.32394367
dish_1560541760,94.90000128500098,95.82864
dish_1551313896,0.0,0.47387934
dish_1564687090,62.46300404156119,63.28519
dish_1565725244,95.0,95.93847
dish_1563302447,91.44559028239122,92.985794
dish_1562872150,24.4417981085669,24.895864
dish_1566246415,16.377615842724794,16.312227
dish_1550796686,0.0,0.0
dish_1562613403,56.318309363648495,54.523144
dish_1551389387,0.0,0.0
dish_1563391708,0.0,0.0
dish_1563378660,0.0,0.90738004
dish_1551236550,0.0,0.0
dish_1563566810,0.0,0.0
dish_1561148042,16.746034411773053,23.187973
dish_1562614895,18.04766898940332,17.693626
dish_1568313487,16.377615842724794,16.312227
dish_1568143612,13.492206573099253,12.203801
dish_1566590007,12.55008515156183,13.5789
dish_1566844850,50.489401130450354,42.15555
dish_1561752481,0.0,1.9330196
dish_1551233610,0.0,0.27418196
dish_1550876969,0.0,0.0
dish_1550788591,49.127500453328054,47.235
dish_1550796731,6.367234352162683,7.024523
dish_1558468401,0.0,0.0
dish_1560798785,19.920391928801138,14.761939
dish_1565379377,95.0,95.363754
dish_1565725123,95.0,95.02885
dish_1550705786,0.0,0.0
dish_1551378449,0.0,1.2350014
dish_1564160161,0.0,0.0
dish_1565207896,70.27598029212885,70.83889
dish_1560788338,95.0,93.2548
dish_1550710542,29.016140072315523,28.458961
dish_1558115364,12.206627287817838,11.442707
dish_1563811662,64.80679590451771,64.20666
dish_1563478751,0.41592937399883567,5.814614
dish_1561148021,0.0,3.9743137
dish_1558381860,0.0,0.0
dish_1568315988,95.0,95.57066
dish_1551122614,27.465101986435812,27.343727
dish_1558723073,6.993983525555564,7.6093535
dish_1550713174,0.0,0.45580938
dish_1564685450,0.0,0.0
dish_1551226013,27.465101986435812,27.343727
dish_1565023182,0.0,0.10376138
dish_1551236657,24.4417981085669,24.895864
dish_1558027057,0.0,0.0
dish_1551490433,16.377615842724794,16.112007
dish_1560887457,0.0,0.0
dish_1567625343,10.783871884924238,9.973752
dish_1568405430,0.0,0.91803455
dish_1558468589,24.4417981085669,24.895864
dish_1558468435,18.04766898940332,17.693626
dish_1551564543,0.0,0.0
dish_1566931650,83.60573005185616,88.43216
dish_1551318377,0.0,0.0
dish_1566230222,95.0,95.49492
dish_1551221801,1.7723579696316705,2.023139
dish_1561666640,0.0,0.0
dish_1561665706,0.0,0.0
dish_1558636028,0.0,0.0201188
dish_1564685229,0.0,0.0
dish_1566587102,68.0471903256639,65.414024
dish_1551225714,0.0,0.0
dish_1562603536,0.0,0.0
dish_1564170098,7.35500278066111,9.83611
dish_1563910276,57.32177630733115,57.306896
dish_1558722322,6.993983525555564,6.883531
dish_1566419546,0.0,0.0
dish_1561580322,28.541276008890094,30.26373
dish_1563480534,77.21260424395312,74.33679
dish_1566501153,0.0,0.42330307
dish_1562008936,25.429695407630675,25.709454
dish_1550791822,0.0,0.007832314
dish_1551135590,14.772353138321265,14.719856
dish_1560801041,0.0,4.1022325
dish_1563897047,95.0,95.49492
dish_1550772314,37.05541461594676,36.688145
dish_1558381084,0.0,0.0
dish_1551564221,0.0,0.0
dish_1550773949,0.0,0.0
dish_1551492732,0.0,0.0
dish_1566500988,12.433418781841382,10.920039
dish_1565119439,0.0,0.0
dish_1564775147,0.0,0.23593356
dish_1568217325,0.0,0.41572705
dish_1565640868,95.0,95.97502
dish_1551373181,0.0,0.0
dish_1558114937,16.377615842724794,16.312227
dish_1558379182,0.0,0.0
dish_1563389413,18.04766898940332,17.693626
dish_1561579673,48.37687462915945,46.948154
dish_1551226101,0.0,0.0
dish_1568132601,3.3743179829180434,4.6259055
dish_1558628956,64.50697964008373,64.49809
dish_1567537422,11.81543209241471,11.805557
dish_1561579576,10.092011906951186,9.056802
dish_1551377094,0.0,0.0
dish_1563827482,17.823228229339378,17.789623
dish_1551322577,0.0,0.0
dish_1551390802,0.0,0.0
dish_1550785404,6.993983525555564,6.883531
dish_1558630737,13.229367302646551,13.38217
dish_1568405499,66.46254567473889,65.90669
dish_1563216659,95.0,95.59379
dish_1558723568,0.0,0.0
dish_1558026623,4.559696052143096,6.0641117
dish_1562008429,44.26972193499772,42.870472
dish_1565637578,82.01191258786147,72.03808
dish_1561578898,0.0,0.0
dish_1561404956,95.0,94.64255
dish_1558638844,0.0,0.0
dish_1558379273,0.0,0.0
dish_1551142547,76.41022592062147,65.004295
dish_1563900205,37.36187811514408,36.404068
dish_1561580278,25.429695407630675,25.709454
dish_1550707357,0.0,0.94514775
dish_1566316612,0.0,0.0
dish_1562945499,29.12906316556277,31.240572
dish_1560368162,9.938858235087409,9.259072
dish_1565031283,0.0,0.0
dish_1551565720,88.13501426961454,91.97791
dish_1550777713,6.367234352162683,7.024523
dish_1559232986,0.0,0.0
dish_1561578188,10.351888858125307,9.100297
dish_1551136396,50.297108523168106,52.901093
dish_1551222833,0.0,3.4445815
dish_1562690886,17.55200388280656,17.74473
dish_1551395766,0.0,0.0
dish_1560543625,95.0,94.8452
dish_1559932674,0.0,0.0
dish_1566931620,95.0,95.20039
dish_1551493311,0.0,0.41098166
dish_1550711314,23.24917928784774,20.980873
dish_1551303285,0.0,0.007832314
dish_1561491180,48.67233912436249,46.952457
dish_1558725702,27.465101986435812,27.343727
dish_1562789240,0.0,0.0
dish_1550863078,0.0,0.009022389
dish_1560455380,16.705578244168464,17.463068
dish_1563897395,0.0,0.0
dish_1565382733,0.0,0.0
dish_1550708327,25.859945305651593,26.504593
dish_1563221443,0.0,0.0
dish_1562875211,0.0,1.2452886
dish_1561492519,0.0,6.987482
dish_1561997248,0.0,0.0
dish_1558723719,0.0,0.0
dish_1550771191,0.0,0.0
dish_1562691566,67.62568124501476,71.25178
dish_1563909507,14.109706387949487,15.630905
dish_1566414723,60.62267798407237,57.870808
dish_1564589025,0.0,0.0
dish_1563822636,95.0,96.63712
dish_1558115512,0.0,0.0
dish_1564588533,29.781299594581014,30.355276
dish_1558544427,0.0,0.0
dish_1564601569,4.791759260012498,5.798488
dish_1561480414,0.0,2.8599198
dish_1561407208,60.94427364336214,59.807205
dish_1564589308,0.0,0.0
dish_1558379391,0.0,0.9219993
dish_1550707056,0.0,0.0
dish_1551395396,16.377615842724794,16.112007
dish_1563897369,0.0,0.0
dish_1551565096,64.661896612182,51.58887
dish_1551324180,13.229367302646551,13.38217
dish_1550711688,7.633255783449258,7.832175
dish_1563908996,95.0,96.025764
dish_1565035830,95.0,96.11934
dish_1551224380,0.0,0.0
dish_1565898590,67.06783902156704,69.080925
dish_1558718974,0.0,0.0
dish_1551494147,0.0,0.0
dish_1551223394,0.0,0.0
dish_1550774895,0.0,0.0
dish_1550861458,0.0,0.26614743
dish_1566590987,30.915878094010623,40.2605
dish_1567110665,53.289231529163565,49.395607
dish_1559925174,0.0,0.0
dish_1550874829,0.0,0.0
dish_1550713423,7.633255783449258,7.832175
dish_1567019993,26.92909560356881,27.096897
dish_1565811335,19.633489487709113,18.785616
dish_1563221086,71.82617592357904,70.6022
dish_1551565068,64.66188557180564,51.58887
dish_1551392884,0.0,0.0
dish_1565036922,0.0,5.716606
dish_1563220802,95.0,95.15564
dish_1562691613,19.15080912893302,16.01352
dish_1559843222,0.0,0.0
dish_1560455421,39.242836656293235,45.98408
dish_1562959517,0.0,0.0
dish_1566413321,22.523681926039515,21.754988
dish_1561746876,0.0,0.03335187
dish_1562788732,2.9535739799995184,8.090514
dish_1568060542,80.19354948352608,74.44039
dish_1566402095,95.0,93.77921
dish_1566501012,5.968485119113694,7.05919
dish_1550773284,0.0,0.0
dish_1562945779,0.0,0.0
dish_1566317775,0.0,0.54482454
dish_1558115915,0.0,0.0
dish_1558719298,0.0,0.0
dish_1550791214,22.076091895133374,24.930727
dish_1559589902,21.958001577556047,20.287834
dish_1567525681,0.0,1.2747567
dish_1565898361,0.0,0.03842985
dish_1560529825,0.0,0.0
dish_1562774504,0.0,0.54684526
dish_1562872945,48.60654582122314,41.03278
dish_1563996509,95.0,95.01038
dish_1561999287,17.552013742305718,17.74473
dish_1562700496,13.229367302646551,13.38217
dish_1559846034,18.04766898940332,17.693626
dish_1551233403,16.56515162448791,16.467638
dish_1562086740,0.0,0.059630424
dish_1561574974,7.506909144122204,7.9526386
dish_1551379045,13.654453041171934,12.123734
dish_1562945900,0.0,0.0
dish_1561576212,0.0,0.0
dish_1551566464,13.229367302646551,13.38217
dish_1563218031,95.0,96.37419
dish_1563823814,5.699676455848319,6.950552
dish_1560444914,4.82865638334458,6.244212
dish_1551221892,55.554481090328785,49.29931
dish_1566591048,0.0,1.7959464
dish_1565107066,0.0,0.46072796
dish_1561481577,0.0,0.0
dish_1561737839,0.0,0.0
dish_1550796152,0.0,0.0
dish_1561405887,36.87074207592368,46.10316
dish_1551381249,8.285301349780326,8.07723
dish_1559845637,0.0,0.32394367
dish_1558372695,0.0,0.0
dish_1558373074,95.0,95.08125
dish_1559849053,0.0,0.038187116
dish_1550795331,0.0,0.0
dish_1568401199,81.56963705975728,75.7027
dish_1566332116,10.09522617226989,11.88864
dish_1551382115,0.0,0.007832314
dish_1550774244,0.0,0.0
dish_1565972363,95.0,95.49492
dish_1559319902,0.0,0.0
dish_1563996464,15.303504570123536,15.926083
dish_1561663990,56.04539057311178,53.925488
dish_1550710664,7.633255783449258,7.832175
dish_1562774159,0.0,0.0
dish_1560527950,5.150328776036659,6.53493
dish_1561062286,2.2750346457184776,7.3702645
dish_1551392752,0.0,0.67941767
dish_1551228715,12.25370423727641,19.937365
dish_1551566083,0.0,0.0
dish_1551133870,6.367234352162683,7.024523
dish_1562862550,21.946911307503854,11.134394
dish_1562687527,11.87152502420794,11.569554
dish_1565727765,17.849040311957836,16.64523
dish_1561404438,0.0,0.0
dish_1551323662,95.0,94.25514
dish_1551563925,69.51016997947956,69.431335
dish_1550772270,37.05541461594676,36.688145
dish_1551399449,0.0,0.053816922
dish_1560455224,0.0,2.44218
dish_1558641211,6.993983525555564,6.883531
dish_1567107049,0.0,0.008635463
dish_1567537457,29.385664610328405,23.672039
dish_1563305321,6.921133398086454,6.722453
dish_1558630600,0.0,0.0
dish_1566328894,0.0,0.1357677
dish_1550712622,0.0,0.5652222
dish_1567022147,10.070420733589415,9.374746
dish_1559841023,0.0,0.0
dish_1567542914,0.0,0.62291956
dish_1566931674,0.0,0.0
dish_1560270630,0.0,0.0
dish_1565898723,95.0,96.27369
dish_1551393069,0.0,0.007832314
dish_1561997900,0.0,0.0
dish_1550771606,0.0,0.0
dish_1565107119,95.0,94.94998
dish_1565020755,0.0,0.0
dish_1565119642,19.344296749046634,17.71239
dish_1562950018,0.0,0.0
dish_1551493159,0.0,0.0
dish_1567801748,0.0,0.0
dish_1559844063,0.0,0.13752615
dish_1559848857,0.0,0.0
dish_1561407312,75.7308519526207,71.04675
dish_1562009894,0.0,0.0
dish_1568048053,0.0,0.0
dish_1558115282,95.0,95.08125
dish_1551235669,0.0,0.0
dish_1559158425,22.52368192603953,21.754988
dish_1551221853,13.229367302646551,13.38217
dish_1550793192,0.0,0.0
dish_1560975491,25.429695407630675,25.709454
dish_1563813360,0.0,0.0
dish_1551317589,0.0,0.67941767
dish_1550861670,0.0,0.46072796
dish_1550779336,0.0,0.529343
dish_1551319895,0.0,0.0
dish_1559240875,0.0,0.0
dish_1567785622,0.0,0.0
dish_1565809033,95.0,93.32803
dish_1568233403,16.377615842724794,16.312227
dish_1562785159,48.39998303887279,44.177567
dish_1560455179,9.438877335115848,10.491824
dish_1558637351,0.0,0.0
dish_1565118096,95.0,95.12541
dish_1551235759,95.0,93.70744
dish_1550774815,0.0,0.0
dish_1562690144,0.0,0.0
dish_1558461760,6.993983525555564,7.6093535
dish_1559751744,83.92944263442338,86.79657
dish_1550706237,0.0,0.0
dish_1563206409,0.0,0.0
dish_1565031338,49.88425769164818,49.687588
dish_1565382969,22.52368192603953,21.754988
dish_1560366998,5.319275916938324,6.333459
dish_1565896745,0.0,1.5403972
dish_1550862908,0.0,0.0
dish_1551564423,6.993983525555564,6.883531
dish_1560526472,0.0,1.9483116
dish_1550712877,0.0,0.27225778
dish_1559844928,0.0,0.32394367
dish_1561480460,50.67697545220705,48.43741
dish_1551222527,13.229367302646551,13.38217
dish_1562602627,0.0,0.17414325
dish_1562788536,0.0,0.0
dish_1558113255,6.367234352162683,7.024523
dish_1550873434,49.35680462999063,48.97666
dish_1565811025,87.67065271518968,85.77926
dish_1566851584,0.0,10.608987
dish_1565020926,14.138161681509317,13.366178
dish_1562173411,0.0,0.21600775
dish_1559590130,91.02201452209084,91.70712
dish_1568047973,39.420982321813995,32.76712
dish_1565034681,0.0,0.0
dish_1565627800,93.3176111330597,90.82651
dish_1551379408,69.49470069399514,68.32097
dish_1562086037,0.0,0.0
dish_1550777256,0.0,0.0
dish_1551324331,95.0,96.116066
dish_1558639673,6.993983525555564,7.6093535
dish_1551567106,0.0,0.0
dish_1564073641,0.0,0.0
dish_1560874751,0.0,0.0028815037
dish_1565981898,36.418873076598715,36.853992
dish_1551304456,0.0,0.047521908
dish_1558641358,13.229367302646551,13.38217
dish_1558724853,27.465101986435798,27.343727
dish_1562008476,95.0,96.58368
dish_1550797094,18.04766898940332,17.693626
dish_1551234288,15.603132121891207,14.992562
dish_1564689138,0.0,0.0
dish_1563897938,0.0,0.0
dish_1562686548,21.116594206202976,15.564672
dish_1568229399,0.0,0.0
dish_1550859356,0.0,0.0
dish_1550862495,5.752762941119556,6.6437273
dish_1560453150,0.0,0.8857425
dish_1561749778,95.0,95.76346
dish_1551563723,0.0,0.0
dish_1565383159,0.0,0.9434314
dish_1551375715,6.367234352162683,7.024523
dish_1561575192,14.499566775324823,15.858412
dish_1565207694,76.04958877565328,71.12899
dish_1560444637,0.0,0.0
dish_1558641253,0.0,0.015491652
dish_1559235771,0.0,0.90738004
dish_1562700593,64.67076483469233,66.137436
dish_1565382762,0.0,0.122431085
dish_1550712459,0.0,15.81702
dish_1550777025,0.0,0.0
dish_1565208611,26.045138867444052,24.788342
dish_1551390528,13.229367302646551,13.38217
dish_1558380058,0.0,0.0
dish_1550793023,6.367234352162683,7.024523
dish_1551228478,0.0,0.0
dish_1550781280,18.04766898940332,17.693626
dish_1567108037,0.0,0.43691
dish_1550778646,0.0,0.0
dish_1558630450,0.0,0.0
dish_1563827188,95.0,95.98376
dish_1568305198,0.0,0.0
dish_1562875159,0.0,0.0
dish_1551224283,13.229367302646551,13.38217
dish_1558116547,95.0,95.08125
dish_1566501067,28.213493948566963,26.958685
dish_1558639979,0.0,0.0
dish_1560529804,5.150328776036659,6.53493
dish_1551394835,0.0,0.0
dish_1551493680,0.0,0.0
dish_1565726949,74.81494956927965,71.32123
dish_1563218987,0.0,0.0
dish_1551134622,0.0,0.0
dish_1551232686,69.51016580494542,69.431335
dish_1564170283,0.0,0.6736016
dish_1565728494,0.0,0.0
dish_1558380152,95.0,95.08125
dish_1564082212,47.96612757057267,49.230675
dish_1551566642,6.993983525555564,6.883531
dish_1562614088,18.04766898940332,17.693626
dish_1563222850,36.14815977137627,41.23573
dish_1564775216,0.0,1.1950604
dish_1558630176,0.0,0.0
dish_1565194781,81.3684010375051,79.34824
dish_1568404850,0.0,0.4849022
dish_1563391333,6.916807601167619,8.143215
dish_1568666263,15.25460296147888,15.049741
dish_1567107989,0.0,2.8384492
dish_1551399340,0.0,0.0
dish_1565638365,12.064498221343001,10.734746
dish_1550793245,0.0,0.0
dish_1551399402,0.0,0.047521908
dish_1551565168,13.229367302646551,13.38217
dish_1566589933,95.0,95.57066
dish_1562617370,0.0,0.0
dish_1562788760,0.0,0.0
dish_1561662532,0.0,4.0393534
dish_1551125258,27.465101986435812,27.343727
dish_1561577848,51.403735897408595,50.78769
dish_1551395194,95.0,95.205536
dish_1566244964,78.21105064626876,80.099525
dish_1559841127,81.97349106999553,84.2352
dish_1551564053,81.92299983595746,85.11617
dish_1561576652,9.576888724407482,8.72138
dish_1551390872,0.0,1.2999374
dish_1559667948,0.0,0.90738004
dish_1561567086,0.0,0.0
dish_1551123072,6.367234352162683,7.024523
dish_1563303386,94.0526301797585,93.72616
dish_1567525744,0.0,1.8970423
dish_1564590226,0.0,0.0
dish_1550706096,14.772353138321265,14.719856
dish_1559243139,6.921131797480086,6.722453
dish_1550712585,14.772353138321265,14.719856
dish_1562702091,9.809343022830845,10.248425
dish_1563304881,48.65883715291491,49.172703
dish_1565641844,0.0,0.1357677
dish_1562700931,10.874989086816129,12.961779
dish_1558724766,0.0,0.0
dish_1551225541,27.38693205274221,29.586853
dish_1561576737,93.61813458694348,93.99928
dish_1550712486,0.0,15.81702
dish_1551304571,0.0,0.46072796
dish_1563465805,0.0,0.0
dish_1560888849,55.95479671075636,53.17793
dish_1550771330,0.0,0.46072796
dish_1551321757,0.0,0.7116301
dish_1558031526,0.0,0.0
dish_1561580406,93.05532749620633,94.04019
dish_1551223023,0.0,0.0
dish_1551139325,70.24904019743036,70.36895
dish_1562862529,57.09321414179828,57.310463
dish_1560961059,0.0,0.0
dish_1566333118,0.0,0.1357677
dish_1559849020,0.0,0.0
dish_1562690112,0.0,0.010810638
dish_1551235270,0.0,0.0
dish_1566835701,80.63381680675477,80.4589
dish_1563294465,0.0,0.0
dish_1563216381,18.04766898940332,17.693626
dish_1561654756,73.08038599325434,70.51158
dish_1560801020,0.0,4.253661
dish_1551392347,0.0,0.0
dish_1565812186,95.0,95.01979
dish_1551377209,95.0,92.20896
dish_1551378018,16.377615842724794,16.112007
dish_1566331868,82.00825391934214,75.11509
dish_1566245365,0.0,0.0
dish_1566849862,0.0,0.0
dish_1551565529,69.62140411298634,70.25121
dish_1551566753,95.0,93.82228
dish_1563565805,33.99814527225185,32.28607
dish_1566329257,54.471272000733194,57.355076
dish_1563295360,0.0,0.5243566
dish_1563378073,58.84701895421783,57.986736
dish_1550874079,1.7723658907703879,2.023139
dish_1560539396,61.179447827358075,57.10542
dish_1561060558,7.648173801693332,5.7977624
dish_1551563337,0.0,0.0
dish_1551488103,6.993983525555564,6.883531
dish_1558640882,6.367234352162683,7.024523
dish_1558638163,6.993983525555564,6.883531
dish_1558630867,0.0,0.0
dish_1566415591,51.86768983873118,50.28425
dish_1559061675,5.150328776036659,6.53493
dish_1551486571,0.0,0.0
dish_1550778172,44.12583760599378,43.653664
dish_1563898880,0.0,3.4806986
dish_1551122795,0.0,0.94514775
dish_1551566524,95.0,94.53845
dish_1562689519,95.0,95.54792
dish_1558639588,0.0,0.0
dish_1563307488,0.0,0.0
dish_1566419603,0.0,1.4106561
dish_1550772367,0.0,0.0
dish_1558031237,6.367234352162683,7.024523
dish_1559157919,0.0,0.0
dish_1551381877,0.0,0.0
dish_1551136814,0.0,0.5253544
dish_1565896701,0.0,0.65448767
dish_1558641391,6.367234352162683,7.024523
dish_1551492056,58.684264320690644,59.26622
dish_1566332154,95.0,96.18646
dish_1563824092,8.090629917851388,8.136011
dish_1550711244,0.0,0.94514775
dish_1558630814,0.0,0.0
dish_1551323487,95.0,95.205536
dish_1558720335,6.367234352162683,7.024523
dish_1564590254,0.0,0.2901217
dish_1565711183,95.0,95.33149
dish_1551490503,0.0,0.9091698
dish_1551318673,14.360531234086679,12.249394
dish_1563909580,0.0,0.0
dish_1566838317,0.0,4.0180626
dish_1564083480,0.0,0.0
dish_1551384080,0.0,0.0
dish_1567785709,0.0,2.8991063
dish_1559934708,95.0,95.25353
dish_1551237321,19.399599250508345,22.518795
dish_1559674866,10.378358293203135,9.249423
dish_1551222068,7.633255783449258,7.832175
dish_1551314390,0.0,0.40190387
dish_1563378690,0.0,0.06882879
dish_1562784388,0.0,0.0
dish_1560270537,0.0,0.0
dish_1551134138,36.80971281010352,33.409176
dish_1562785184,77.17686883984004,72.37965
dish_1562008738,14.459568718647049,15.471406
dish_1566328745,76.64477983323454,73.17878
dish_1561740353,6.263506047674198,10.040853
dish_1550708702,0.0,1.0316358
dish_1561736736,0.0,0.34009087
dish_1550876055,95.0,93.38826
dish_1563551006,0.0,0.0
dish_1564415499,0.0,0.0
dish_1551488485,65.32331652306749,66.20562
dish_1566587662,19.344296749046634,17.71239
dish_1559062005,0.0,0.0
dish_1551392519,95.0,95.57066
dish_1568144612,18.04766898940332,17.693626
dish_1567612986,89.17965572137544,88.27456
dish_1563480476,57.32177510794106,57.306896
dish_1565637162,0.0,0.0
dish_1566246541,76.57362315153333,73.517136
dish_1561662842,60.88551297890265,60.65117
dish_1561147967,0.0,0.0
dish_1565207727,0.0,12.244504
dish_1563476408,0.0,4.405608
dish_1564518454,0.0,0.1357677
dish_1562873002,61.282215166062585,52.06233
dish_1565020822,76.26528307288504,74.69569
dish_1551491090,31.74761543020219,34.429234
dish_1559846363,0.0,0.0
dish_1551391337,95.0,95.93353
dish_1551493854,0.0,0.0
dish_1562958721,0.0,0.0
dish_1562961609,0.0,0.0
dish_1563294987,0.0,0.0
dish_1551304197,47.81389458502171,44.25747
dish_1551378179,0.0,0.7008386
dish_1565884766,95.0,94.72981
dish_1563294408,0.0,0.0
dish_1563812615,95.0,95.15887
dish_1566835641,95.0,93.23183
dish_1568060414,13.254427660491942,14.270025
dish_1551563511,8.285301349780326,8.07723
dish_1551235561,0.0,0.0563353
dish_1551391758,73.95667365986154,69.19161
dish_1550770222,18.04766898940332,17.693626
dish_1551564857,0.0,0.0
dish_1558376768,95.0,95.08125
dish_1551318504,13.229367302646551,13.38217
dish_1561996647,0.8482464135324079,4.385945
dish_1566849295,0.0,3.940212
dish_1551137431,0.0,0.0
dish_1559844323,0.0,0.13761258
dish_1558029686,0.0,0.0
dish_1551491216,0.0,0.46072796
dish_1565382833,0.0,0.76579165
dish_1551313872,0.0,0.67941767
dish_1551563890,95.0,95.0402
dish_1551224175,22.418681536703886,20.936693
dish_1561741090,82.60424768067402,85.375595
dish_1562085132,0.0,0.0
dish_1551490544,0.0,0.9091698
dish_1551234214,7.633255783449258,7.832175
dish_1566587182,8.87162761841418,12.634064
dish_1550779153,18.04766898940332,17.693626
dish_1550792194,6.367234352162683,7.024523
dish_1558382263,71.2576763710618,73.11476
dish_1550778401,7.633255783449258,7.832175
dish_1558114484,0.0,0.0
dish_1560798815,24.21199550203012,15.2881
dish_1551395909,16.377615842724794,16.112007
dish_1550875347,0.0,10.381493
dish_1563378435,0.0,0.11237256
dish_1560367698,0.0,2.6845045
dish_1558379712,0.0,0.0
dish_1567612954,0.0,0.0
dish_1561663606,54.486601144837174,54.30325
dish_1558116436,0.0,0.0
dish_1561481673,0.0,2.3204982
dish_1567625294,0.0,0.0
dish_1557936645,5.752762941119556,6.625651
dish_1568313640,16.163637362520774,14.215402
dish_1563555563,47.14334350825277,42.474907
dish_1562875898,78.4247532030782,80.594
dish_1551494058,0.0,0.0
dish_1566242111,6.76254233831169,9.961305
dish_1550771938,14.772353138321265,14.719856
dish_1559846585,0.0,0.0
dish_1551392376,23.86974662548083,23.413378
dish_1562686492,0.0,0.0
dish_1563997418,0.0,2.8140328
dish_1551318543,8.285301349780326,8.07723
dish_1565724552,11.389489905318314,11.080799
dish_1564415140,95.0,95.48407
dish_1565884738,95.0,91.16067
dish_1559239256,0.0,0.0
dish_1562168673,0.0,0.0
dish_1563302391,89.48860476452752,88.92044
dish_1558628711,0.0,0.0
dish_1560357297,0.0,0.10626185
dish_1550710758,0.0,0.0
dish_1564588820,95.0,95.49492
dish_1550713065,0.0,0.0
dish_1550777827,0.0,2.6206787
dish_1550793300,0.0,0.0
dish_1558722748,0.0,0.015491652
dish_1563898688,18.04766898940332,17.693626
dish_1565021965,95.0,95.49492
dish_1551134895,0.0,0.580169
dish_1561663914,94.32127033524642,94.17356
dish_1550861520,0.0,0.26614743
dish_1551490670,0.0,0.0
dish_1561060613,92.18455077613733,94.277794
dish_1561575445,10.368586202409517,9.100297
dish_1550876619,5.752762941119556,6.6437273
dish_1563475874,6.92093511906495,6.8323655
dish_1563379163,0.0,0.0
dish_1550862733,0.0,0.0
dish_1562010394,0.0,0.10835891
dish_1559593722,0.0,0.0
dish_1561480439,0.0,1.1998581
dish_1559674781,2.327008049483453,4.749849
dish_1566244863,13.772178886895588,13.731416
dish_1560367676,0.0,0.0
dish_1550777418,0.0,0.0
dish_1551306375,0.0,0.39936155
dish_1565378680,0.0,0.0
dish_1565972429,84.16006197318286,85.385376
dish_1566230300,87.18612108476643,88.985115
dish_1562008394,7.633255783449258,7.832175
dish_1560445004,29.22656769418839,28.352133
dish_1559674074,0.0,0.0
dish_1564086709,0.0,0.9250249
dish_1551494095,49.35680269160323,48.97666
dish_1550785481,1.7723631616382818,2.023139
dish_1566931116,13.229367302646551,13.38217
dish_1563468362,33.45526966825108,33.270187
dish_1566849955,7.057783558200697,7.8255534
dish_1565117990,60.702426472983035,56.984997
dish_1558460138,6.993983525555564,7.6093535
dish_1562874203,6.323937761389985,7.8943367
dish_1564675157,0.0,0.0
dish_1561737248,0.0,0.0
dish_1568666303,95.0,94.900925
dish_1562010130,0.0,0.0
dish_1550706766,95.0,96.05093
dish_1563302420,95.0,95.51083
dish_1551125436,14.927811029053032,14.248899
dish_1567023335,0.0,0.0
dish_1565727791,90.46503298465926,88.32612
dish_1564675060,5.150328776036659,6.53493
dish_1551567170,0.0,0.84757715
dish_1551224928,0.0,0.0
dish_1551396309,0.0,0.0
dish_1563305083,78.95864162603533,79.227196
dish_1565034234,13.229367302646551,13.38217
dish_1551395022,49.35680891247465,48.97666
dish_1551138312,0.0,0.0
dish_1550769882,43.31269387508054,42.15397
dish_1562168365,0.0,0.0
dish_1566488905,0.0,0.0
dish_1566933180,12.40304696938081,17.794495
dish_1550785526,95.0,93.05214
dish_1551305410,0.0,0.007832314
dish_1561739649,12.18755376016756,12.206831
dish_1559238993,0.0,0.0
dish_1564686740,0.0,0.0
dish_1550797130,1.6950614040902252,5.154833
dish_1563307519,0.0,0.0
dish_1558116298,0.0,0.71499157
dish_1551493123,0.0,0.0
dish_1551233708,0.0,0.0
dish_1560454562,42.3160072765385,38.71608
dish_1560802730,54.99007220284931,54.316025
dish_1551225467,1.7723667960435279,2.023139
dish_1551235699,95.0,93.70744
dish_1551303437,7.424229104278666,20.587185
dish_1551316878,0.0,0.20053564
dish_1567021799,0.0,0.0
dish_1559149615,0.0,0.0
dish_1551323866,95.0,95.205536
dish_1559332795,0.0,0.0
dish_1565195362,0.0,0.0
dish_1561740385,9.391775474232887,10.149737
dish_1560366963,6.993983525555564,7.6093535
dish_1563984835,45.41186561140192,38.35999
dish_1551488691,0.0,0.0
dish_1562010266,0.0,0.0
dish_1558638137,0.0,0.0
dish_1562691000,43.46456705882677,43.186214
dish_1551225281,0.0,0.0
dish_1561662926,81.08080787352091,78.80721
dish_1558633158,6.993983525555564,6.883531
dish_1558725085,4.559696052143096,6.0641117
dish_1565799663,59.78786761364222,60.401203
dish_1565898402,1.7306307002870653,5.3610435
dish_1550793673,84.00124445225615,90.14512
dish_1550772199,0.0,0.32394367
dish_1566851677,0.0,3.9042044
dish_1565033189,95.0,95.276764
dish_1558458903,0.0,0.0
dish_1561666875,40.23997901098467,38.63505
dish_1560370833,0.0,0.06604686
dish_1563389742,95.0,95.0982
dish_1550712369,49.35680269160323,48.97666
dish_1561576449,13.229367302646551,13.38217
dish_1550772701,0.0,0.047521908
dish_1565972384,95.0,94.09516
dish_1564588889,80.97172468599891,80.88342
dish_1561577701,95.0,95.688576
dish_1567024112,0.0,0.16222759
dish_1551321793,0.0,0.7116301
dish_1568314857,0.0,0.0
dish_1557862829,22.523681926039515,21.754988
dish_1551306691,10.302213957281026,11.130811
dish_1551375596,95.0,95.205536
dish_1551316737,0.0,0.007832314
dish_1565641915,0.0,0.0
dish_1551493916,0.0,0.18788572
dish_1568217267,0.0,0.0
dish_1558722398,0.0,0.0
dish_1559061752,0.0,0.0
dish_1560889008,6.921139457525612,6.722453
dish_1565724588,12.485984226487432,12.455097
dish_1558640039,6.993983525555564,6.883531
dish_1551487472,0.0,4.2557187
dish_1563824304,9.825841001624113,11.515705
dish_1558028194,54.87187701244332,65.38308
dish_1563566939,0.0,0.0
dish_1561404485,3.665956572347838,5.8819175
dish_1562086564,47.44998758807879,42.604664
dish_1563221054,0.0,0.0
dish_1560975628,79.70576113599353,73.77661
dish_1561749750,95.0,95.92377
dish_1563221157,95.0,94.89737
dish_1558636544,0.0,0.0
dish_1560802092,95.0,96.1142
dish_1564170141,7.175344026295335,8.176367
dish_1566333255,52.04576554203853,48.620243
dish_1551375783,95.0,96.07834
dish_1560455263,95.0,96.10416
dish_1561752509,50.70028065745102,44.433678
dish_1563568319,0.0,0.0
dish_1562947020,0.0,0.0
dish_1562777566,0.0,0.0
dish_1558115825,0.0,0.0
dish_1558030910,0.0,0.0
dish_1564675193,76.921164860909,74.33539
dish_1566414291,0.0,0.46453616
dish_1551235946,16.377615842724794,16.312227
dish_1561493975,0.0,0.0
dish_1551373253,0.0,0.0
dish_1560369294,53.35774852928085,45.429394
dish_1551137277,0.0,0.0
dish_1566587714,95.0,95.29662
dish_1563381461,0.0,0.0
dish_1551228669,12.25370423727641,19.937365
dish_1563897981,0.0,0.0
dish_1562702892,5.679754563549082,14.840175
dish_1558640373,6.443774590161738,6.773582
dish_1560443565,0.0,0.0
dish_1558030971,4.559696052143096,6.0641117
dish_1551494035,0.0,0.0
dish_1550705580,49.356799989608746,48.97666
dish_1561575908,0.0,0.1357677
dish_1563909550,0.0,0.0
dish_1567022114,6.993983525555564,7.6093535
dish_1560453356,95.0,97.54937
dish_1558723475,6.367234352162683,7.024523
dish_1563305982,95.0,94.795105
dish_1550862399,0.0,0.0
dish_1551134987,0.0,0.0
dish_1551374712,13.229367302646551,13.38217
dish_1562690950,0.0,0.0
dish_1550797692,0.0,0.0
dish_1568147044,0.0,0.0
dish_1564514906,11.022021951362632,11.349091
dish_1558373352,0.0,0.0
dish_1562179966,0.0,0.0
dish_1551233095,24.4417981085669,24.895864
dish_1562700568,81.27121918629923,82.98371
dish_1558639949,6.367234352162683,7.024523
dish_1564686966,0.0,0.0
dish_1563294547,0.0,0.0
dish_1568141871,0.0,0.1357677
dish_1563382911,0.0,0.46072796
dish_1561662054,22.793795380489527,27.330622
dish_1560455030,0.0,0.0
dish_1561575474,1.9950953358772097,5.5438566
dish_1565972591,0.0,0.0
dish_1550876012,85.0,83.01121
dish_1563381680,0.0,0.0
dish_1562611680,27.176680453547654,41.27173
dish_1568144828,0.0,0.29391187
dish_1550708440,0.0,0.0
dish_1551307090,0.0,0.0
dish_1560453174,64.54885399428491,64.46332
dish_1551226363,8.04766898940332,7.8719115
dish_1558549773,12.523681926039515,11.955038
dish_1563822597,7.483627971439191,6.5832973
dish_1551489812,0.0,0.0
dish_1566417516,39.04080626467734,37.841797
dish_1563996485,5.37544704006325,7.667984
dish_1563998210,41.40371527746495,41.910057
dish_1558459115,0.0,0.0
dish_1564082178,46.04539082809889,45.45761
dish_1558723777,0.0,0.0
dish_1562873028,51.266686827089586,43.62793
dish_1558115867,0.0,0.21572244
dish_1561580370,0.0,0.0
dish_1566502211,15.429699617343118,15.821497
dish_1551563213,70.9214032989778,71.18351
dish_1550775318,0.0,0.15590917
dish_1565383026,0.0,5.3373995
dish_1558642089,0.0,0.0
dish_1558723866,3.2293673026465513,3.8434823
dish_1551380950,0.0,0.18042587
dish_1559319860,0.0,0.0
dish_1559242568,0.0,0.0
dish_1563824339,0.0,1.8863219
dish_1562094621,3.2293673026465513,3.8970144
dish_1550707156,0.0,0.0
dish_1560527191,0.0,0.0
dish_1558546663,0.0,0.0
dish_1551393210,0.0,0.0
dish_1568314823,0.0,0.0
dish_1563468299,11.876093469513208,12.823398
dish_1551323574,0.0,0.0
dish_1551491271,59.510172743698206,61.04339
dish_1558723414,0.0,0.0
dish_1562691674,54.29308192038201,53.53771
dish_1562602860,23.564392133719586,26.001627
dish_1568217372,0.0,0.0
dish_1563395480,85.0,84.42949
dish_1558719994,0.0,0.21572244
dish_1562960520,58.2753888611344,54.898132
dish_1566488928,0.0,0.0
dish_1558031302,0.0,0.27308944
dish_1563910171,71.5105870368395,65.481964
dish_1551392590,14.4417981085669,14.849423
dish_1558116201,0.0,0.06334781
dish_1550777469,0.0,0.7427487
dish_1562008813,0.0,3.9600465
dish_1551391710,0.0,0.0
dish_1568061202,0.0,0.0
dish_1562785132,0.0,4.5141587
dish_1559233102,0.0,0.0
dish_1558639787,3.2293673026465513,3.8434823
dish_1567542876,0.0,0.0
dish_1561577573,0.0,0.0
dish_1550776957,0.0,0.58442575
dish_1551395800,0.0,0.09936537
dish_1558115011,0.0,0.21572244
dish_1565638323,0.0,2.397501
dish_1550773394,4.7723531383212645,5.3683195
dish_1566416421,16.944158407799122,18.287117
dish_1561661347,9.744871633515572,7.728371
dish_1566931586,85.0,84.63798
dish_1551493723,0.0,0.06334781
dish_1563908923,15.429695407630675,15.821497
dish_1551318068,0.0,0.0
dish_1561061687,85.0,82.51943
dish_1558115448,0.0,0.0013034061
dish_1551228830,0.0,0.0
dish_1561575613,0.0,0.0
dish_1566245437,74.47253736656208,77.826775
dish_1550706583,39.35680623461601,39.69878
dish_1558639335,0.0,0.0
dish_1563382953,0.0,0.3076629
dish_1550710342,85.0,84.50006
dish_1558725403,0.0,0.21572244
dish_1550710715,0.0,0.0
dish_1551303476,0.0,18.191053
dish_1550776767,0.0,0.0
dish_1551141628,0.0,0.0
dish_1551123986,0.0,0.0
dish_1550788827,0.0,0.0
dish_1558628921,0.0,0.0
dish_1561662814,0.0,0.0
dish_1560366438,3.97111287936832,7.3755736
dish_1566931140,3.6651065456065908,6.4214654
dish_1560360112,0.0,0.0
dish_1550788264,0.0,0.0
dish_1562611853,10.088305452503775,9.963468
dish_1551374560,0.0,0.0
dish_1560369146,43.36617928100576,46.847218
dish_1562783691,85.0,83.493286
dish_1565023128,0.0,0.0
dish_1559158354,8.04766898940332,7.8719115
dish_1562007842,4.752396801623092,8.784072
dish_1561580431,76.8317363747251,79.05088
dish_1562788010,2.016979336117913,1.663801
dish_1562702853,0.0,0.0
dish_1565627751,0.0,0.0
dish_1562861174,0.0,2.623363
dish_1567785165,0.0,0.23204617
dish_1551567604,0.0,0.0
dish_1564083459,0.0,0.06704794
dish_1558637865,0.0,0.0
dish_1563997327,0.0,0.0
dish_1566934120,31.780949044336893,30.859228
dish_1563910639,47.32175841184336,49.19966
dish_1559244649,0.0,0.0
dish_1563998513,83.0387168771768,82.156334
dish_1551142128,0.0,0.0
dish_1562170356,0.0,0.0
dish_1562963517,3.090651415124867,5.3025484
dish_1551376892,0.0,0.0
dish_1561492161,0.0,0.0
dish_1562691064,0.0,0.0
dish_1562777000,0.0,0.0
dish_1563220109,0.0,0.0
dish_1562096542,3.8701931335187396,6.920923
dish_1562961588,0.0,0.0
dish_1563823860,2.0529469458626295,1.4596014
dish_1565640601,85.0,82.876
dish_1561753275,79.7428048512988,78.54111
dish_1550875968,0.0,0.0
dish_1564170071,0.0,0.0
dish_1561667430,0.0,0.0
dish_1550771387,0.0,2.612566
dish_1565032680,0.0,0.0
dish_1561134128,0.0,0.0
dish_1558550218,0.0,0.0
dish_1562963006,1.8730066499359594,5.461811
dish_1550795361,0.0,0.27308944
dish_1560541760,84.90000128500098,83.40223
dish_1551313896,0.0,0.32316482
dish_1564687090,52.46300404156119,54.466877
dish_1565725244,85.0,84.36425
dish_1563302447,81.44559028239122,81.18088
dish_1562872150,14.4417981085669,14.849423
dish_1566246415,6.3776158427247935,6.480033
dish_1550796686,0.0,0.0
dish_1562613403,46.318309363648495,46.077698
dish_1551389387,0.0,0.0
dish_1563391708,0.0,0.0
dish_1563378660,0.0,0.3054134
dish_1551236550,0.0,0.0
dish_1563566810,0.0,0.0
dish_1561148042,6.746034411773053,17.300533
dish_1562614895,8.04766898940332,7.8719115
dish_1568313487,6.3776158427247935,6.480033
dish_1568143612,3.492206573099253,8.865776
dish_1566590007,2.550085151561831,9.672244
dish_1566844850,40.489401130450354,34.89102
dish_1561752481,0.0,0.0
dish_1551233610,0.0,0.08225771
dish_1550876969,0.0,0.0
dish_1550788591,39.127500453328054,36.530807
dish_1550796731,0.0,0.0
dish_1558468401,0.0,0.0
dish_1560798785,9.920391928801138,11.398033
dish_1565379377,85.0,83.5246
dish_1565725123,85.0,83.34651
dish_1550705786,0.0,0.15590917
dish_1551378449,0.0,1.2673763
dish_1564160161,0.0,0.0
dish_1565207896,60.27598029212885,59.721283
dish_1560788338,85.0,83.68311
dish_1550710542,19.016140072315523,18.721663
dish_1558115364,2.206627287817838,7.303963
dish_1563811662,54.80679590451771,53.266678
dish_1563478751,0.0,0.56321084
dish_1561148021,0.0,0.78862244
dish_1558381860,0.0,0.0
dish_1568315988,85.0,84.231575
dish_1551122614,17.465101986435812,17.390684
dish_1558723073,0.0,0.0
dish_1550713174,0.0,0.39667657
dish_1564685450,0.0,0.0
dish_1551226013,17.465101986435812,17.390684
dish_1565023182,0.0,0.2786071
dish_1551236657,14.4417981085669,14.849423
dish_1558027057,0.0,0.0036755973
dish_1551490433,6.3776158427247935,6.3124866
dish_1560887457,0.0,0.0
dish_1567625343,0.7838718849242383,4.3120236
dish_1568405430,0.0,0.0
dish_1558468589,14.4417981085669,14.849423
dish_1558468435,8.04766898940332,7.8719115
dish_1551564543,0.0,0.0
dish_1566931650,73.60573005185616,77.90901
dish_1551318377,0.0,0.0
dish_1566230222,85.0,85.83904
dish_1551221801,0.0,0.0
dish_1561666640,0.0,0.0
dish_1561665706,0.0,0.0
dish_1558636028,0.0,0.08592359
dish_1564685229,0.0,0.0
dish_1566587102,58.047190325663905,57.495956
dish_1551225714,0.0,0.0
dish_1562603536,0.0,0.0
dish_1564170098,0.0,3.0899868
dish_1563910276,47.32177630733115,49.19966
dish_1558722322,0.0,0.0
dish_1566419546,0.0,0.0
dish_1561580322,18.541276008890094,22.534622
dish_1563480534,67.21260424395312,64.11102
dish_1566501153,0.0,0.07977716
dish_1562008936,15.429695407630675,15.821497
dish_1550791822,0.0,0.0
dish_1551135590,4.7723531383212645,5.3683195
dish_1560801041,0.0,2.9053273
dish_1563897047,85.0,85.83904
dish_1550772314,27.05541461594676,28.210978
dish_1558381084,0.0,0.0013034061
dish_1551564221,0.0,0.0
dish_1550773949,0.0,0.0
dish_1551492732,0.0,0.0
dish_1566500988,2.4334187818413824,1.7063324
dish_1565119439,0.0,0.0
dish_1564775147,0.0,0.0
dish_1568217325,0.0,0.5646855
dish_1565640868,85.0,84.4008
dish_1551373181,0.0,0.0
dish_1558114937,6.3776158427247935,6.480033
dish_1558379182,0.0,0.21572244
dish_1563389413,8.04766898940332,7.8719115
dish_1561579673,38.37687462915945,36.02014
dish_1551226101,0.0,0.0
dish_1568132601,0.0,1.3834599
dish_1558628956,54.50697964008373,54.20317
dish_1567537422,1.81543209241471,4.0724716
dish_1561579576,0.09201190695118555,0.30032662
dish_1551377094,0.0,0.0
dish_1563827482,7.823228229339378,12.589805
dish_1551322577,0.0,0.0
dish_1551390802,0.0,0.0
dish_1550785404,0.0,0.0
dish_1558630737,3.2293673026465513,3.8434823
dish_1568405499,56.46254567473889,56.936787
dish_1563216659,85.0,83.69701
dish_1558723568,0.0,0.0
dish_1558026623,0.0,0.0
dish_1562008429,34.26972193499772,36.045525
dish_1565637578,72.01191258786147,62.437294
dish_1561578898,0.0,0.0
dish_1561404956,85.0,82.29114
dish_1558638844,0.0,0.0
dish_1558379273,0.0,0.06334781
dish_1551142547,66.41022592062147,56.685448
dish_1563900205,27.36187811514408,26.461046
dish_1561580278,15.429695407630675,15.821497
dish_1550707357,0.0,0.0
dish_1566316612,0.0,0.0
dish_1562945499,19.12906316556277,24.501808
dish_1560368162,0.0,0.51861304
dish_1565031283,0.0,0.0
dish_1551565720,78.13501426961454,82.55111
dish_1550777713,0.0,0.0
dish_1559232986,0.0,0.0
dish_1561578188,0.35188885812530657,0.34382093
dish_1551136396,40.297108523168106,46.66529
dish_1551222833,0.0,3.253502
dish_1562690886,7.552003882806559,9.677866
dish_1551395766,0.0,0.09936537
dish_1560543625,85.0,82.596214
dish_1559932674,0.0,0.0
dish_1566931620,85.0,83.61841
dish_1551493311,0.0,0.48956838
dish_1550711314,13.249179287847738,13.649213
dish_1551303285,0.0,0.0
dish_1561491180,38.67233912436249,39.379284
dish_1558725702,17.465101986435812,17.390684
dish_1562789240,0.0,0.0
dish_1550863078,0.0,0.0
dish_1560455380,6.705578244168464,9.246512
dish_1563897395,0.0,0.0
dish_1565382733,0.0,0.15478033
dish_1550708327,15.859945305651593,16.762745
dish_1563221443,0.0,0.15478033
dish_1562875211,0.0,0.5428215
dish_1561492519,0.0,4.9246655
dish_1561997248,0.0,0.0
dish_1558723719,0.0,0.21572244
dish_1550771191,0.0,0.0
dish_1562691566,57.62568124501476,62.218834
dish_1563909507,4.109706387949487,7.3475966
dish_1566414723,50.62267798407237,49.308372
dish_1564589025,0.0,0.0
dish_1563822636,85.0,84.82803
dish_1558115512,0.0,0.06334781
dish_1564588533,19.781299594581014,25.018007
dish_1558544427,0.0,0.0
dish_1564601569,0.0,0.4643457
dish_1561480414,0.0,0.0
dish_1561407208,50.94427364336214,51.02702
dish_1564589308,0.0,0.0
dish_1558379391,0.0,0.87299997
dish_1550707056,0.0,0.06334781
dish_1551395396,6.3776158427247935,6.3124866
dish_1563897369,0.0,0.0
dish_1551565096,54.661896612182005,44.998306
dish_1551324180,3.2293673026465513,3.8434823
dish_1550711688,0.0,0.0
dish_1563908996,85.0,84.02888
dish_1565035830,85.0,86.05867
dish_1551224380,0.0,0.0
dish_1565898590,57.06783902156704,58.141724
dish_1558718974,0.0,0.21572244
dish_1551494147,0.0,0.0
dish_1551223394,0.0,0.0
dish_1550774895,0.0,0.0
dish_1550861458,0.0,0.0
dish_1566590987,20.915878094010623,33.16122
dish_1567110665,43.289231529163565,42.213272
dish_1559925174,0.0,0.18913996
dish_1550874829,0.0,0.0
dish_1550713423,0.0,0.0
dish_1567019993,16.92909560356881,17.898592
dish_1565811335,9.633489487709113,11.472602
dish_1563221086,61.826175923579044,61.273705
dish_1551565068,54.66188557180564,44.998306
dish_1551392884,0.0,0.0
dish_1565036922,0.0,1.5682366
dish_1563220802,85.0,83.347534
dish_1562691613,9.15080912893302,11.427085
dish_1559843222,0.0,0.0
dish_1560455421,29.242836656293235,40.005955
dish_1562959517,0.0,0.0
dish_1566413321,12.523681926039515,11.955038
dish_1561746876,0.0,0.0
dish_1562788732,0.0,4.5141587
dish_1568060542,70.19354948352608,64.23042
dish_1566402095,85.0,83.46184
dish_1566501012,0.0,1.4154594
dish_1550773284,0.0,0.0
dish_1562945779,0.0,0.0
dish_1566317775,0.0,0.0
dish_1558115915,0.0,0.06334781
dish_1558719298,0.0,0.21572244
dish_1550791214,12.076091895133374,18.694162
dish_1559589902,11.958001577556047,10.382297
dish_1567525681,0.0,4.509713
dish_1565898361,0.0,0.0
dish_1560529825,0.0,0.0
dish_1562774504,0.0,0.37232596
dish_1562872945,38.60654582122314,32.949455
dish_1563996509,85.0,82.73133
dish_1561999287,7.552013742305718,9.677866
dish_1562700496,3.2293673026465513,3.8434823
dish_1559846034,8.04766898940332,7.8719115
dish_1551233403,6.5651516244879105,6.7020006
dish_1562086740,0.0,0.2344762
dish_1561574974,0.0,0.0
dish_1551379045,3.6544530411719336,3.7716508
dish_1562945900,0.0,0.0
dish_1561576212,0.0,0.0
dish_1551566464,3.2293673026465513,3.8434823
dish_1563218031,85.0,84.13297
dish_1563823814,0.0,0.0
dish_1560444914,0.0,0.0
dish_1551221892,45.554481090328785,41.364296
dish_1566591048,0.0,0.0
dish_1565107066,0.0,0.0
dish_1561481577,0.0,0.0
dish_1561737839,0.0,0.18913996
dish_1550796152,0.0,0.0
dish_1561405887,26.87074207592368,41.05462
dish_1551381249,0.0,0.0
dish_1559845637,0.0,0.27308944
dish_1558372695,0.0,0.06334781
dish_1558373074,85.0,85.310356
dish_1559849053,0.0,0.3037622
dish_1550795331,0.0,0.0
dish_1568401199,71.56963705975728,66.73363
dish_1566332116,0.09522617226988928,5.089306
dish_1551382115,0.0,0.0
dish_1550774244,0.0,0.0
dish_1565972363,85.0,85.83904
dish_1559319902,0.0,0.0
dish_1563996464,5.303504570123536,8.185499
dish_1561663990,46.04539057311178,45.45761
dish_1550710664,0.0,0.0
dish_1562774159,0.0,0.0
dish_1560527950,0.0,0.0
dish_1561062286,0.0,4.822826
dish_1551392752,0.0,0.34484217
dish_1551228715,2.253704237276409,15.677556
dish_1551566083,0.0,0.0
dish_1551133870,0.0,0.0
dish_1562862550,11.946911307503854,6.829285
dish_1562687527,1.8715250242079406,4.071894
dish_1565727765,7.849040311957836,6.861405
dish_1561404438,0.0,0.0
dish_1551323662,85.0,83.865105
dish_1551563925,59.510169979479556,61.04339
dish_1550772270,27.05541461594676,28.210978
dish_1551399449,0.0,0.26416054
dish_1560455224,0.0,0.0
dish_1558641211,0.0,0.0
dish_1567107049,0.0,0.7514499
dish_1567537457,19.385664610328405,15.611176
dish_1563305321,0.0,0.0
dish_1558630600,0.0,0.0
dish_1566328894,0.0,0.1197937
dish_1550712622,0.0,0.0
dish_1567022147,0.07042073358941536,0.6342891
dish_1559841023,0.0,0.0
dish_1567542914,0.0,0.0
dish_1566931674,0.0,0.0
dish_1560270630,0.0,0.0
dish_1565898723,85.0,84.74532
dish_1551393069,0.0,0.0
dish_1561997900,0.0,0.0
dish_1550771606,0.0,0.15590917
dish_1565107119,85.0,84.334335
dish_1565020755,0.0,0.0
dish_1565119642,9.344296749046634,7.796526
dish_1562950018,0.0,0.0
dish_1551493159,0.0,0.06334781
dish_1567801748,0.0,0.08091005
dish_1559844063,0.0,0.0
dish_1559848857,0.0,0.0
dish_1561407312,65.7308519526207,61.799267
dish_1562009894,0.0,0.0
dish_1568048053,0.0,0.0
dish_1558115282,85.0,85.310356
dish_1551235669,0.0,0.18042587
dish_1559158425,12.52368192603953,11.955038
dish_1551221853,3.2293673026465513,3.8434823
dish_1550793192,0.0,0.0
dish_1560975491,15.429695407630675,15.821497
dish_1563813360,0.0,0.0
dish_1551317589,0.0,0.34484217
dish_1550861670,0.0,0.0
dish_1550779336,0.0,0.0
dish_1551319895,0.0,0.0
dish_1559240875,0.0,0.0
dish_1567785622,0.0,0.18913996
dish_1565809033,85.0,83.05883
dish_1568233403,6.3776158427247935,6.480033
dish_1562785159,38.39998303887279,37.011177
dish_1560455179,0.0,3.1419218
dish_1558637351,0.0,0.0
dish_1565118096,85.0,84.28757
dish_1551235759,85.0,82.24078
dish_1550774815,0.0,0.18913996
dish_1562690144,0.0,0.0
dish_1558461760,0.0,0.0
dish_1559751744,73.92944263442338,76.40383
dish_1550706237,0.0,0.0
dish_1563206409,0.0,0.0
dish_1565031338,39.88425769164818,42.86264
dish_1565382969,12.52368192603953,11.955038
dish_1560366998,0.0,0.0
dish_1565896745,0.0,0.0
dish_1550862908,0.0,0.18913996
dish_1551564423,0.0,0.0
dish_1560526472,0.0,0.0
dish_1550712877,0.0,0.28710213
dish_1559844928,0.0,0.27308944
dish_1561480460,40.67697545220705,37.648884
dish_1551222527,3.2293673026465513,3.8434823
dish_1562602627,0.0,0.35844237
dish_1562788536,0.0,0.0
dish_1558113255,0.0,0.0
dish_1550873434,39.35680462999063,39.69878
dish_1565811025,77.67065271518968,76.24661
dish_1566851584,0.0,7.056068
dish_1565020926,4.138161681509317,9.278471
dish_1562173411,0.0,0.42075425
dish_1559590130,81.02201452209084,80.3278
dish_1568047973,29.420982321813995,26.584948
dish_1565034681,0.0,0.0
dish_1565627800,83.3176111330597,80.9928
dish_1551379408,59.49470069399514,59.27711
dish_1562086037,0.0,0.18913996
dish_1550777256,0.0,0.0
dish_1551324331,85.0,84.67536
dish_1558639673,0.0,0.0
dish_1551567106,0.0,0.15590917
dish_1564073641,0.0,0.0
dish_1560874751,0.0,0.0
dish_1565981898,26.418873076598715,29.321486
dish_1551304456,0.0,0.7427487
dish_1558641358,3.2293673026465513,3.8434823
dish_1558724853,17.465101986435798,17.390684
dish_1562008476,85.0,84.37736
dish_1550797094,8.04766898940332,7.8719115
dish_1551234288,5.603132121891207,5.510003
dish_1564689138,0.0,0.0
dish_1563897938,0.0,0.0
dish_1562686548,11.116594206202976,10.861076
dish_1568229399,0.0,0.0
dish_1550859356,0.0,0.06334781
dish_1550862495,0.0,0.0
dish_1560453150,0.0,0.0
dish_1561749778,85.0,83.962135
dish_1551563723,0.0,0.0
dish_1565383159,0.0,0.0
dish_1551375715,0.0,0.0
dish_1561575192,4.499566775324823,7.7297735
dish_1565207694,66.04958877565328,61.90591
dish_1560444637,0.0,0.0
dish_1558641253,0.0,0.0
dish_1559235771,0.0,0.3054134
dish_1562700593,54.670764834692335,57.444073
dish_1565382762,0.0,0.11792536
dish_1550712459,0.0,10.589061
dish_1550777025,0.0,0.0
dish_1565208611,16.045138867444052,15.720512
dish_1551390528,3.2293673026465513,3.8434823
dish_1558380058,0.0,0.21572244
dish_1550793023,0.0,0.0
dish_1551228478,0.0,0.0
dish_1550781280,8.04766898940332,7.8719115
dish_1567108037,0.0,0.0
dish_1550778646,0.0,0.0
dish_1558630450,0.0,0.0013034061
dish_1563827188,85.0,83.777435
dish_1568305198,0.0,0.16288652
dish_1562875159,0.0,0.0
dish_1551224283,3.2293673026465513,3.8434823
dish_1558116547,85.0,85.310356
dish_1566501067,18.213493948566963,21.50431
dish_1558639979,0.0,0.21572244
dish_1560529804,0.0,0.0
dish_1551394835,0.0,0.0
dish_1551493680,0.0,0.0
dish_1565726949,64.81494956927965,61.5503
dish_1563218987,0.0,0.0
dish_1551134622,0.0,0.0
dish_1551232686,59.510165804945416,61.04339
dish_1564170283,0.0,0.42268935
dish_1565728494,0.0,0.0
dish_1558380152,85.0,85.310356
dish_1564082212,37.96612757057267,40.022858
dish_1551566642,0.0,0.0
dish_1562614088,8.04766898940332,7.8719115
dish_1563222850,26.14815977137627,35.97315
dish_1564775216,0.0,0.0
dish_1558630176,0.0,0.0
dish_1565194781,71.3684010375051,70.11199
dish_1568404850,0.0,0.0
dish_1563391333,0.0,0.49362788
dish_1568666263,5.254602961478881,5.599059
dish_1567107989,0.0,0.0
dish_1551399340,0.0,0.0
dish_1565638365,2.064498221343001,5.7658525
dish_1550793245,0.0,0.0
dish_1551399402,0.0,0.7427487
dish_1551565168,3.2293673026465513,3.8434823
dish_1566589933,85.0,84.231575
dish_1562617370,0.0,0.15478033
dish_1562788760,0.0,0.0
dish_1561662532,0.0,1.2399819
dish_1551125258,17.465101986435812,17.390684
dish_1561577848,41.403735897408595,41.910057
dish_1551395194,85.0,84.6927
dish_1566244964,68.21105064626876,68.92564
dish_1559841127,71.97349106999553,73.53031
dish_1551564053,71.92299983595746,74.29345
dish_1561576652,0.0,0.16670436
dish_1551390872,0.0,0.037757963
dish_1559667948,0.0,0.3054134
dish_1561567086,0.0,0.0
dish_1551123072,0.0,0.0
dish_1563303386,84.0526301797585,82.41116
dish_1567525744,0.0,1.1944764
dish_1564590226,0.0,0.0
dish_1550706096,4.7723531383212645,5.3683195
dish_1559243139,0.0,0.0
dish_1550712585,4.7723531383212645,5.3683195
dish_1562702091,0.0,1.1632124
dish_1563304881,38.65883715291491,39.95445
dish_1565641844,0.0,0.1197937
dish_1562700931,0.8749890868161287,5.3694577
dish_1558724766,0.0,0.0
dish_1551225541,17.38693205274221,25.18683
dish_1561576737,83.61813458694348,82.30755
dish_1550712486,0.0,10.589061
dish_1551304571,0.0,0.0
dish_1563465805,0.0,0.0
dish_1560888849,45.95479671075636,45.838158
dish_1550771330,0.0,0.0
dish_1551321757,0.0,0.4950683
dish_1558031526,0.0,0.0036755973
dish_1561580406,83.05532749620633,82.320786
dish_1551223023,0.0,0.1223569
dish_1551139325,60.24904019743036,60.876316
dish_1562862529,47.09321414179828,50.53635
dish_1560961059,0.0,0.0
dish_1566333118,0.0,0.1197937
dish_1559849020,0.0,0.0013034061
dish_1562690112,0.0,0.0
dish_1551235270,0.0,0.10668261
dish_1566835701,70.63381680675477,69.453804
dish_1563294465,0.0,0.0
dish_1563216381,8.04766898940332,7.8719115
dish_1561654756,63.08038599325434,60.78968
dish_1560801020,0.0,2.217443
dish_1551392347,0.0,0.18913996
dish_1565812186,85.0,82.86998
dish_1551377209,85.0,82.63372
dish_1551378018,6.3776158427247935,6.3124866
dish_1566331868,72.00825391934214,65.439255
dish_1566245365,0.0,0.14155209
dish_1566849862,0.0,0.0
dish_1551565529,59.62140411298634,61.203556
dish_1551566753,85.0,83.04796
dish_1563565805,23.998145272251847,20.446117
dish_1566329257,44.471272000733194,46.26055
dish_1563295360,0.0,0.0
dish_1563378073,48.84701895421783,48.508034
dish_1550874079,0.0,0.0
dish_1560539396,51.179447827358075,47.779865
dish_1561060558,0.0,2.3478096
dish_1551563337,0.0,0.06334781
dish_1551488103,0.0,0.0
dish_1558640882,0.0,0.0
dish_1558638163,0.0,0.0
dish_1558630867,0.0,0.0
dish_1566415591,41.86768983873118,39.210793
dish_1559061675,0.0,0.0
dish_1551486571,0.0,0.0
dish_1550778172,34.12583760599378,33.504856
dish_1563898880,0.0,0.36242092
dish_1551122795,0.0,0.0
dish_1551566524,85.0,84.2893
dish_1562689519,85.0,84.110756
dish_1558639588,0.0,0.21572244
dish_1563307488,0.0,0.0
dish_1566419603,0.0,0.0
dish_1550772367,0.0,0.0
dish_1558031237,0.0,0.0
dish_1559157919,0.0,0.0
dish_1551381877,0.0,0.0
dish_1551136814,0.0,0.36750126
dish_1565896701,0.0,0.0
dish_1558641391,0.0,0.0
dish_1551492056,48.684264320690644,48.49281
dish_1566332154,85.0,84.63142
dish_1563824092,0.0,0.0
dish_1550711244,0.0,0.0
dish_1558630814,0.0,0.21572244
dish_1551323487,85.0,84.6927
dish_1558720335,0.0,0.0
dish_1564590254,0.0,0.0
dish_1565711183,85.0,83.52409
dish_1551490503,0.0,0.74380714
dish_1551318673,4.360531234086679,3.82187
dish_1563909580,0.0,0.0
dish_1566838317,0.0,0.0
dish_1564083480,0.0,0.0
dish_1551384080,0.0,0.0
dish_1567785709,0.0,0.0
dish_1559934708,85.0,83.01714
dish_1551237321,9.399599250508345,16.604105
dish_1559674866,0.3783582932031351,0.7654546
dish_1551222068,0.0,0.0
dish_1551314390,0.0,0.0
dish_1563378690,0.0,0.14755009
dish_1562784388,0.0,0.0
dish_1560270537,0.0,0.0
dish_1551134138,26.80971281010352,24.705948
dish_1562785184,67.17686883984004,63.661602
dish_1562008738,4.4595687186470485,7.3563952
dish_1566328745,66.64477983323454,64.72549
dish_1561740353,0.0,3.544643
dish_1550708702,0.0,0.0
dish_1561736736,0.0,0.49817252
dish_1550876055,85.0,83.01121
dish_1563551006,0.0,0.0
dish_1564415499,0.0,0.0
dish_1551488485,55.32331652306749,58.07255
dish_1566587662,9.344296749046634,7.796526
dish_1559062005,0.0,0.16288652
dish_1551392519,85.0,84.231575
dish_1568144612,8.04766898940332,7.8719115
dish_1567612986,79.17965572137544,78.44085
dish_1563480476,47.32177510794106,49.19966
dish_1565637162,0.0,0.0
dish_1566246541,66.57362315153333,65.44089
dish_1561662842,50.88551297890265,51.96763
dish_1561147967,0.0,0.099117786
dish_1565207727,0.0,7.638767
dish_1563476408,0.0,2.6302679
dish_1564518454,0.0,0.1197937
dish_1562873002,51.282215166062585,42.62452
dish_1565020822,66.26528307288504,63.664955
dish_1551491090,21.74761543020219,25.799562
dish_1559846363,0.0,0.0
dish_1551391337,85.0,85.37928
dish_1551493854,0.0,0.06334781
dish_1562958721,0.0,0.0
dish_1562961609,0.0,0.03078819
dish_1563294987,0.0,0.0
dish_1551304197,37.81389458502171,37.406876
dish_1551378179,0.0,0.7545866
dish_1565884766,85.0,83.75675
dish_1563294408,0.0,0.0
dish_1563812615,85.0,83.35147
dish_1566835641,85.0,83.2285
dish_1568060414,3.2544276604919418,4.2263427
dish_1551563511,0.0,0.0
dish_1551235561,0.0,0.38372806
dish_1551391758,63.956673659861536,60.150127
dish_1550770222,8.04766898940332,7.8719115
dish_1551564857,0.0,0.0
dish_1558376768,85.0,85.310356
dish_1551318504,3.2293673026465513,3.8434823
dish_1561996647,0.0,1.2738745
dish_1566849295,0.0,2.4849684
dish_1551137431,0.0,0.0
dish_1559844323,0.0,0.4031876
dish_1558029686,0.0,0.0
dish_1551491216,0.0,0.0
dish_1565382833,0.0,0.0
dish_1551313872,0.0,0.34484217
dish_1551563890,85.0,83.340065
dish_1551224175,12.418681536703886,11.154645
dish_1561741090,72.60424768067402,74.76862
dish_1562085132,0.0,0.0
dish_1551490544,0.0,0.74380714
dish_1551234214,0.0,0.0
dish_1566587182,0.0,8.112753
dish_1550779153,8.04766898940332,7.8719115
dish_1550792194,0.0,0.0
dish_1558382263,61.257676371061805,62.610035
dish_1550778401,0.0,0.0
dish_1558114484,0.0,0.0
dish_1560798815,14.21199550203012,11.0956955
dish_1551395909,6.3776158427247935,6.3124866
dish_1550875347,0.0,7.316658
dish_1563378435,0.0,0.7640277
dish_1560367698,0.0,0.3915691
dish_1558379712,0.0,0.21572244
dish_1567612954,0.0,0.0
dish_1561663606,44.486601144837174,49.511158
dish_1558116436,0.0,0.0
dish_1561481673,0.0,0.0
dish_1567625294,0.0,0.0
dish_1557936645,0.0,0.0
dish_1568313640,6.163637362520774,5.594046
dish_1563555563,37.14334350825277,36.969303
dish_1562875898,68.4247532030782,69.234276
dish_1551494058,0.0,0.0
dish_1566242111,0.0,3.8279736
dish_1550771938,4.7723531383212645,5.3683195
dish_1559846585,0.0,0.0
dish_1551392376,13.869746625480829,16.250957
dish_1562686492,0.0,0.0
dish_1563997418,0.0,0.22684358
dish_1551318543,0.0,0.0
dish_1565724552,1.3894899053183138,1.8741019
dish_1564415140,85.0,84.2436
dish_1565884738,85.0,79.37248
dish_1559239256,0.0,0.0
dish_1562168673,0.0,0.0
dish_1563302391,79.48860476452752,78.10713
dish_1558628711,0.0,0.0
dish_1560357297,0.0,0.25457007
dish_1550710758,0.0,0.0
dish_1564588820,85.0,85.83904
dish_1550713065,0.0,0.15590917
dish_1550777827,0.0,0.0
dish_1550793300,0.0,0.0
dish_1558722748,0.0,0.0
dish_1563898688,8.04766898940332,7.8719115
dish_1565021965,85.0,85.83904
dish_1551134895,0.0,0.5219074
dish_1561663914,84.32127033524642,82.665215
dish_1550861520,0.0,0.0
dish_1551490670,0.0,0.0
dish_1561060613,82.18455077613733,82.692924
dish_1561575445,0.3685862024095172,0.34382093
dish_1550876619,0.0,0.0
dish_1563475874,0.0,0.0
dish_1563379163,0.0,0.0
dish_1550862733,0.0,0.0
dish_1562010394,0.0,0.0
dish_1559593722,0.0,0.0
dish_1561480439,0.0,0.0
dish_1559674781,0.0,0.0
dish_1566244863,3.7721788868955883,4.259286
dish_1560367676,0.0,0.0
dish_1550777418,0.0,0.15590917
dish_1551306375,0.0,0.0
dish_1565378680,0.0,0.0
dish_1565972429,74.16006197318286,76.16514
dish_1566230300,77.18612108476643,79.4805
dish_1562008394,0.0,0.0
dish_1560445004,19.22656769418839,18.933529
dish_1559674074,0.0,0.0
dish_1564086709,0.0,0.0
dish_1551494095,39.35680269160323,39.69878
dish_1550785481,0.0,0.0
dish_1566931116,3.2293673026465513,3.8434823
dish_1563468362,23.455269668251077,25.693024
dish_1566849955,0.0,0.46044958
dish_1565117990,50.702426472983035,48.573586
dish_1558460138,0.0,0.0
dish_1562874203,0.0,3.3445258
dish_1564675157,0.0,0.0
dish_1561737248,0.0,0.0
dish_1568666303,85.0,84.67907
dish_1562010130,0.0,0.0
dish_1550706766,85.0,85.49667
dish_1563302420,85.0,83.274445
dish_1551125436,4.927811029053032,4.8324256
dish_1567023335,0.0,0.0
dish_1565727791,80.46503298465926,77.50091
dish_1564675060,0.0,0.0
dish_1551567170,0.0,0.83783674
dish_1551224928,0.0,0.0
dish_1551396309,0.0,0.1665922
dish_1563305083,68.95864162603533,69.013214
dish_1565034234,3.2293673026465513,3.8434823
dish_1551395022,39.35680891247465,39.69878
dish_1551138312,0.0,0.0
dish_1550769882,33.31269387508054,33.27411
dish_1562168365,0.0,0.0
dish_1566488905,0.0,0.0
dish_1566933180,2.40304696938081,12.304889
dish_1550785526,85.0,82.09621
dish_1551305410,0.0,0.0
dish_1561739649,2.1875537601675603,6.4478483
dish_1559238993,0.0,0.18913996
dish_1564686740,0.0,0.0
dish_1550797130,0.0,0.0
dish_1563307519,0.0,0.0
dish_1558116298,0.0,0.72699225
dish_1551493123,0.0,0.0
dish_1551233708,0.0,0.0
dish_1560454562,32.3160072765385,31.21949
dish_1560802730,44.99007220284931,45.917957
dish_1551225467,0.0,0.0
dish_1551235699,85.0,82.24078
dish_1551303437,0.0,18.191053
dish_1551316878,0.0,0.15061869
dish_1567021799,0.0,0.0
dish_1559149615,0.0,0.0
dish_1551323866,85.0,84.6927
dish_1559332795,0.0,0.0
dish_1565195362,0.0,0.0
dish_1561740385,0.0,2.929152
dish_1560366963,0.0,0.0
dish_1563984835,35.41186561140192,31.939188
dish_1551488691,0.0,0.0
dish_1562010266,0.0,0.0
dish_1558638137,0.0,0.0
dish_1562691000,33.46456705882677,32.81839
dish_1551225281,0.0,0.0
dish_1561662926,71.08080787352091,69.29458
dish_1558633158,0.0,0.0
dish_1558725085,0.0,0.0
dish_1565799663,49.78786761364222,50.7279
dish_1565898402,0.0,0.41524026
dish_1550793673,74.00124445225615,80.46848
dish_1550772199,0.0,0.27308944
dish_1566851677,0.0,1.1973933
dish_1565033189,85.0,83.57663
dish_1558458903,0.0,0.21572244
dish_1561666875,30.23997901098467,31.747625
dish_1560370833,0.0,0.0
dish_1563389742,85.0,83.51621
dish_1550712369,39.35680269160323,39.69878
dish_1561576449,3.2293673026465513,3.8434823
dish_1550772701,0.0,0.7427487
dish_1565972384,85.0,84.2424
dish_1564588889,70.97172468599891,71.61531
dish_1561577701,85.0,83.88118
dish_1567024112,0.0,0.0
dish_1551321793,0.0,0.4950683
dish_1568314857,0.0,0.0
dish_1557862829,12.523681926039515,11.955038
dish_1551306691,0.30221395728102607,6.8648663
dish_1551375596,85.0,84.6927
dish_1551316737,0.0,0.0
dish_1565641915,0.0,0.0
dish_1551493916,0.0,0.25286955
dish_1568217267,0.0,0.483545
dish_1558722398,0.0,0.0
dish_1559061752,0.0,0.0
dish_1560889008,0.0,0.0
dish_1565724588,2.4859842264874317,5.1742854
dish_1558640039,0.0,0.0
dish_1551487472,0.0,0.0
dish_1563824304,0.0,4.528032
dish_1558028194,44.87187701244332,60.031773
dish_1563566939,0.0,0.0
dish_1561404485,0.0,1.8620292
dish_1562086564,37.44998758807879,31.44019
dish_1563221054,0.0,0.0
dish_1560975628,69.70576113599353,63.671127
dish_1561749750,85.0,84.34955
dish_1563221157,85.0,82.630196
dish_1558636544,0.0,0.21572244
dish_1560802092,85.0,84.11731
dish_1564170141,0.0,0.5836642
dish_1566333255,42.04576554203853,43.077755
dish_1551375783,85.0,84.52329
dish_1560455263,85.0,83.86294
dish_1561752509,40.70028065745102,37.437595
dish_1563568319,0.0,0.0
dish_1562947020,0.0,0.0
dish_1562777566,0.0,0.0
dish_1558115825,0.0,0.0013034061
dish_1558030910,0.0,0.0
dish_1564675193,66.921164860909,64.89939
dish_1566414291,0.0,0.0
dish_1551235946,6.3776158427247935,6.480033
dish_1561493975,0.0,0.0
dish_1551373253,0.0,0.18042587
dish_1560369294,43.35774852928085,36.969776
dish_1551137277,0.0,0.0
dish_1566587714,85.0,83.0903
dish_1563381461,0.0,0.16288652
dish_1551228669,2.253704237276409,15.677556
dish_1563897981,0.0,0.0
dish_1562702892,0.0,9.578661
dish_1558640373,0.0,0.0
dish_1560443565,0.0,0.0
dish_1558030971,0.0,0.0
dish_1551494035,0.0,0.0
dish_1550705580,39.356799989608746,39.69878
dish_1561575908,0.0,0.1197937
dish_1563909550,0.0,0.0
dish_1567022114,0.0,0.0
dish_1560453356,85.0,85.34305
dish_1558723475,0.0,0.0
dish_1563305982,85.0,82.56283
dish_1550862399,0.0,0.0
dish_1551134987,0.0,0.0
dish_1551374712,3.2293673026465513,3.8434823
dish_1562690950,0.0,0.0
dish_1550797692,0.0,0.06334781
dish_1568147044,0.0,0.0
dish_1564514906,1.0220219513626319,6.364917
dish_1558373352,0.0,0.0013034061
dish_1562179966,0.0,0.0
dish_1551233095,14.4417981085669,14.849423
dish_1562700568,71.27121918629923,72.91793
dish_1558639949,0.0,0.0
dish_1564686966,0.0,0.01921942
dish_1563294547,0.0,0.0
dish_1568141871,0.0,0.1197937
dish_1563382911,0.0,0.0
