dish_id,actual,predicted
dish_1561662054,37.79379538048953,37.816097
dish_1560455030,12.172695491222939,12.080361
dish_1561575474,16.99509533587721,16.277014
dish_1565972591,0.0,1.0497886
dish_1550876012,100.0,99.31681
dish_1563381680,0.0,0.29437837
dish_1562611680,42.176680453547654,50.66524
dish_1568144828,11.835535167880494,11.741511
dish_1550708440,0.0,0.69359773
dish_1551307090,0.0,0.0
dish_1560453174,79.54885399428491,79.42761
dish_1551226363,23.04766898940332,22.385452
dish_1558549773,27.523681926039515,26.58618
dish_1563822597,22.48362797143919,21.29452
dish_1551489812,0.0,0.44569632
dish_1566417516,54.04080626467734,46.910816
dish_1563996485,20.37544704006325,19.536871
dish_1563998210,56.40371527746495,55.365337
dish_1558459115,0.0,0.28811583
dish_1564082178,61.04539082809889,57.951954
dish_1558723777,0.0,0.48335907
dish_1562873028,66.26668682708959,56.33943
dish_1558115867,0.0,0.0
dish_1561580370,0.0,4.2990103
dish_1566502211,30.42969961734312,30.088976
dish_1551563213,85.9214032989778,85.85458
dish_1550775318,0.0,0.0
dish_1565383026,14.542909625311765,14.30012
dish_1558642089,11.993983525555564,10.597798
dish_1558723866,18.22936730264655,17.620932
dish_1551380950,0.0,0.29437837
dish_1559319860,0.0,0.29437837
dish_1559242568,0.0,0.1703644
dish_1563824339,13.942700033576173,12.736446
dish_1562094621,18.22936730264655,17.634342
dish_1550707156,0.0,0.024033066
dish_1560527191,0.0,0.50680053
dish_1558546663,0.0,0.0
dish_1551393210,0.0,0.0
dish_1568314823,0.0,0.0
dish_1563468299,26.876093469513208,25.269974
dish_1551323574,0.0,1.1261728
dish_1551491271,74.5101727436982,75.09954
dish_1558723414,0.0,0.5280961
dish_1562691674,69.29308192038201,68.876854
dish_1562602860,38.564392133719586,37.424084
dish_1568217372,0.0,0.25237483
dish_1563395480,100.0,100.0
dish_1558719994,0.0,0.0
dish_1562960520,73.2753888611344,68.979095
dish_1566488928,0.0,0.8069305
dish_1558031302,0.0,0.38059902
dish_1563910171,86.5105870368395,82.29125
dish_1551392590,29.4417981085669,29.306007
dish_1558116201,0.0,0.27894235
dish_1550777469,0.0,0.0
dish_1562008813,14.389628989964223,12.752948
dish_1551391710,0.0,0.29437837
dish_1568061202,0.0,3.2509737
dish_1562785132,7.9535657093767895,8.62562
dish_1559233102,0.0,1.1570355
dish_1558639787,18.22936730264655,17.620932
dish_1567542876,0.0,0.0
dish_1561577573,0.0,0.0
dish_1550776957,0.0,0.0
dish_1551395800,0.0,0.3423777
dish_1558115011,0.0,0.0
dish_1565638323,11.899146563842109,10.235913
dish_1550773394,19.772353138321265,19.103073
dish_1566416421,31.944158407799122,28.734255
dish_1561661347,24.744871633515572,22.740202
dish_1566931586,100.0,99.97979
dish_1551493723,0.0,0.27894235
dish_1563908923,30.429695407630675,30.088976
dish_1551318068,0.0,0.5440223
dish_1561061687,100.0,100.0
dish_1558115448,0.0,0.26627958
dish_1551228830,0.0,0.0
dish_1561575613,0.0,0.2766916
dish_1566245437,89.47253736656208,85.696815
dish_1550706583,54.35680623461601,54.915253
dish_1558639335,0.0,0.48335907
dish_1563382953,11.437900623339473,6.1853523
dish_1550710342,100.0,99.65577
dish_1558725403,0.0,0.0
dish_1550710715,0.0,0.0
dish_1551303476,10.88909613577404,20.953094
dish_1550776767,0.0,0.29437837
dish_1551141628,0.0,0.0
dish_1551123986,10.752762941119556,10.486614
dish_1550788827,6.7723579696316705,6.1240163
dish_1558628921,11.993983525555564,10.597798
dish_1561662814,0.0,3.8751004
dish_1560366438,18.97111287936832,18.965796
dish_1566931140,18.66510654560659,18.057611
dish_1560360112,0.0,0.8245276
dish_1550788264,0.0,0.48335907
dish_1562611853,25.088305452503775,20.0637
dish_1551374560,0.0,1.0590683
dish_1560369146,58.36617928100576,61.434433
dish_1562783691,100.0,99.405426
dish_1565023128,0.0,0.0
dish_1559158354,23.04766898940332,22.385452
dish_1562007842,19.752396801623092,18.939152
dish_1561580431,91.8317363747251,94.34724
dish_1562788010,17.016979336117913,15.769342
dish_1562702853,0.0,1.5730706
dish_1565627751,0.0,0.29308942
dish_1562861174,10.363328391429661,8.373351
dish_1567785165,0.0,0.0
dish_1551567604,0.0,0.0
dish_1564083459,0.0,0.29437837
dish_1558637865,0.0,0.5280961
dish_1563997327,0.0,0.0
dish_1566934120,46.78094904433689,44.05767
dish_1563910639,62.32175841184336,60.43225
dish_1559244649,0.0,6.4948654
dish_1563998513,98.0387168771768,98.78157
dish_1551142128,0.0,0.69359773
dish_1562170356,0.0,1.7715633
dish_1562963517,18.090651415124867,13.975363
dish_1551376892,0.0,0.3080027
dish_1561492161,0.0,1.094996
dish_1562691064,1.4240158374421554,4.1082654
dish_1562777000,0.0,1.1570355
dish_1563220109,4.837411296521651,4.959932
dish_1562096542,18.87019313351874,18.074078
dish_1562961588,0.0,0.0
dish_1563823860,17.05294694586263,15.96041
dish_1565640601,100.0,100.0
dish_1561753275,94.7428048512988,96.80889
dish_1550875968,11.367234352162683,11.004156
dish_1564170071,13.285301349780326,12.710048
dish_1561667430,0.0,2.1199307
dish_1550771387,8.529134307148283,9.188937
dish_1565032680,0.0,0.64769053
dish_1561134128,5.054586878357171,6.7450314
dish_1558550218,0.0,0.28157827
dish_1562963006,16.87300664993596,12.660008
dish_1550795361,0.0,0.38059902
dish_1560541760,99.90000128500098,99.90708
dish_1551313896,0.0,0.50128055
dish_1564687090,67.46300404156119,69.04863
dish_1565725244,100.0,100.0
dish_1563302447,96.44559028239122,98.71445
dish_1562872150,29.4417981085669,29.306007
dish_1566246415,21.377615842724794,20.72172
dish_1550796686,0.0,0.48335907
dish_1562613403,61.318309363648495,57.503273
dish_1551389387,0.0,0.0
dish_1563391708,0.0,0.59690416
dish_1563378660,0.0,0.0
dish_1551236550,0.0,0.0
dish_1563566810,0.0,0.06389424
dish_1561148042,21.746034411773053,29.33024
dish_1562614895,23.04766898940332,22.385452
dish_1568313487,21.377615842724794,20.72172
dish_1568143612,18.492206573099253,14.190172
dish_1566590007,17.55008515156183,15.758751
dish_1566844850,55.489401130450354,54.701065
dish_1561752481,0.0,4.8800354
dish_1551233610,0.0,0.7954798
dish_1550876969,0.0,0.3897583
dish_1550788591,54.127500453328054,50.646114
dish_1550796731,11.367234352162683,11.004156
dish_1558468401,0.0,0.0
dish_1560798785,24.920391928801138,17.591398
dish_1565379377,100.0,99.87335
dish_1565725123,100.0,99.912735
dish_1550705786,0.0,0.0
dish_1551378449,0.0,0.7138112
dish_1564160161,0.0,0.0
dish_1565207896,75.27598029212885,76.67938
dish_1560788338,100.0,99.51245
dish_1550710542,34.01614007231552,32.807037
dish_1558115364,17.206627287817838,14.803388
dish_1563811662,69.80679590451771,68.48538
dish_1563478751,5.415929373998836,7.6945596
dish_1561148021,0.0,9.481068
dish_1558381860,0.0,0.0
dish_1568315988,100.0,99.765785
dish_1551122614,32.46510198643581,32.036213
dish_1558723073,11.993983525555564,11.955669
dish_1550713174,0.0,0.06958852
dish_1564685450,0.0,0.19637576
dish_1551226013,32.46510198643581,32.036213
dish_1565023182,0.0,0.4348403
dish_1551236657,29.4417981085669,29.306007
dish_1558027057,0.0,0.3882122
dish_1551490433,21.377615842724794,20.726723
dish_1560887457,0.0,0.28073034
dish_1567625343,15.783871884924238,13.56963
dish_1568405430,0.0,1.8935074
dish_1558468589,29.4417981085669,29.306007
dish_1558468435,23.04766898940332,22.385452
dish_1551564543,0.0,0.44569632
dish_1566931650,88.60573005185616,85.58938
dish_1551318377,0.0,0.0
dish_1566230222,100.0,99.65081
dish_1551221801,6.7723579696316705,6.1240163
dish_1561666640,0.0,0.40421164
dish_1561665706,0.0,0.0
dish_1558636028,0.0,0.7877153
dish_1564685229,0.0,0.4925847
dish_1566587102,73.0471903256639,71.864494
dish_1551225714,0.0,0.0
dish_1562603536,0.0,0.29437837
dish_1564170098,12.35500278066111,12.555119
dish_1563910276,62.32177630733115,60.43225
dish_1558722322,11.993983525555564,10.597798
dish_1566419546,0.0,0.0
dish_1561580322,33.541276008890094,32.602734
dish_1563480534,82.21260424395312,79.19994
dish_1566501153,0.0,0.031248787
dish_1562008936,30.429695407630675,30.088976
dish_1550791822,0.0,0.3287453
dish_1551135590,19.772353138321265,19.103073
dish_1560801041,0.0,4.2329206
dish_1563897047,100.0,99.65081
dish_1550772314,42.05541461594676,39.106594
dish_1558381084,0.0,0.26627958
dish_1551564221,0.0,0.3080027
dish_1550773949,0.0,0.30537695
dish_1551492732,0.0,0.44569632
dish_1566500988,17.433418781841382,15.7738085
dish_1565119439,0.0,0.0
dish_1564775147,0.0,1.0131332
dish_1568217325,0.0,0.2198053
dish_1565640868,100.0,100.0
dish_1551373181,0.0,0.33570626
dish_1558114937,21.377615842724794,20.72172
dish_1558379182,0.0,0.0
dish_1563389413,23.04766898940332,22.385452
dish_1561579673,53.37687462915945,50.997272
dish_1551226101,0.0,0.0
dish_1568132601,8.374317982918043,6.3576474
dish_1558628956,69.50697964008373,68.79941
dish_1567537422,16.81543209241471,16.356873
dish_1561579576,15.092011906951186,13.652823
dish_1551377094,0.0,0.86873317
dish_1563827482,22.823228229339378,22.137486
dish_1551322577,0.0,0.86873317
dish_1551390802,0.0,0.86873317
dish_1550785404,11.993983525555564,10.597798
dish_1558630737,18.22936730264655,17.620932
dish_1568405499,71.46254567473889,69.13105
dish_1563216659,100.0,99.71239
dish_1558723568,0.0,0.6662933
dish_1558026623,9.559696052143096,9.70548
dish_1562008429,49.26972193499772,50.1346
dish_1565637578,87.01191258786147,67.21228
dish_1561578898,0.0,0.0
dish_1561404956,100.0,99.35964
dish_1558638844,0.0,0.48335907
dish_1558379273,0.0,0.27894235
dish_1551142547,81.41022592062147,65.44021
dish_1563900205,42.36187811514408,42.389668
dish_1561580278,30.429695407630675,30.088976
dish_1550707357,0.0,1.1261728
dish_1566316612,0.0,0.053477913
dish_1562945499,34.12906316556277,33.882984
dish_1560368162,14.938858235087409,13.6308975
dish_1565031283,0.0,0.45951253
dish_1551565720,93.13501426961454,95.293106
dish_1550777713,11.367234352162683,11.004156
dish_1559232986,0.0,0.29437837
dish_1561578188,15.351888858125307,13.997215
dish_1551136396,55.297108523168106,57.386074
dish_1551222833,0.0,0.45872647
dish_1562690886,22.55200388280656,21.731245
dish_1551395766,0.0,0.3423777
dish_1560543625,100.0,100.0
dish_1559932674,0.0,0.86873317
dish_1566931620,100.0,99.926796
dish_1551493311,0.0,0.5042159
dish_1550711314,28.24917928784774,21.553627
dish_1551303285,0.0,0.3287453
dish_1561491180,53.67233912436249,46.2404
dish_1558725702,32.46510198643581,32.036213
dish_1562789240,0.0,0.0
dish_1550863078,0.0,0.7216411
dish_1560455380,21.705578244168464,21.500322
dish_1563897395,0.0,2.0566669
dish_1565382733,0.0,0.0
dish_1550708327,30.859945305651593,30.832714
dish_1563221443,0.0,0.0
dish_1562875211,0.0,0.57746655
dish_1561492519,0.0,3.803709
dish_1561997248,0.0,0.29437837
dish_1558723719,0.0,0.0
dish_1550771191,0.0,0.29437837
dish_1562691566,72.62568124501476,74.24684
dish_1563909507,19.109706387949487,17.704334
dish_1566414723,65.62267798407237,64.520096
dish_1564589025,0.0,0.29308942
dish_1563822636,100.0,100.0
dish_1558115512,0.0,0.27894235
dish_1564588533,34.781299594581014,32.413647
dish_1558544427,0.0,1.1080383
dish_1564601569,9.791759260012498,8.333813
dish_1561480414,2.6860825405086644,5.343892
dish_1561407208,65.94427364336214,65.08888
dish_1564589308,0.0,0.0
dish_1558379391,0.0,0.871489
dish_1550707056,0.0,0.27894235
dish_1551395396,21.377615842724794,20.726723
dish_1563897369,0.0,1.0911045
dish_1551565096,69.661896612182,48.66748
dish_1551324180,18.22936730264655,17.620932
dish_1550711688,12.633255783449258,12.2632265
dish_1563908996,100.0,99.90622
dish_1565035830,100.0,100.0
dish_1551224380,0.0,0.0
dish_1565898590,72.06783902156704,73.73865
dish_1558718974,0.0,0.0
dish_1551494147,0.0,0.0
dish_1551223394,0.0,0.3235671
dish_1550774895,0.0,0.3789979
dish_1550861458,0.0,2.346385
dish_1566590987,35.91587809401062,42.928925
dish_1567110665,58.289231529163565,54.60173
dish_1559925174,0.0,0.5563226
dish_1550874829,0.0,0.0
dish_1550713423,12.633255783449258,12.2632265
dish_1567019993,31.92909560356881,31.561508
dish_1565811335,24.633489487709113,23.280247
dish_1563221086,76.82617592357904,73.27975
dish_1551565068,69.66188557180564,48.66748
dish_1551392884,0.0,0.5440223
dish_1565036922,3.320051958709996,5.55549
dish_1563220802,100.0,99.85815
dish_1562691613,24.15080912893302,15.057191
dish_1559843222,0.0,0.81578404
dish_1560455421,44.242836656293235,50.98323
dish_1562959517,0.0,0.0
dish_1566413321,27.523681926039515,26.58618
dish_1561746876,0.0,2.2635543
dish_1562788732,7.953573979999518,8.62562
dish_1568060542,85.19354948352608,75.64798
dish_1566402095,100.0,99.25297
dish_1566501012,10.968485119113694,12.137213
dish_1550773284,0.0,0.0
dish_1562945779,0.0,0.0
dish_1566317775,0.0,2.6346803
dish_1558115915,0.0,0.27894235
dish_1558719298,0.0,0.0
dish_1550791214,27.076091895133374,28.054235
dish_1559589902,26.958001577556047,25.073969
dish_1567525681,0.0,0.0
dish_1565898361,0.0,1.8276514
dish_1560529825,0.0,1.2564242
dish_1562774504,0.0,0.69543415
dish_1562872945,53.60654582122314,40.289276
dish_1563996509,100.0,99.91363
dish_1561999287,22.552013742305718,21.731245
dish_1562700496,18.22936730264655,17.620932
dish_1559846034,23.04766898940332,22.385452
dish_1551233403,21.56515162448791,21.225225
dish_1562086740,0.0,0.19618966
dish_1561574974,12.506909144122204,12.121796
dish_1551379045,18.654453041171934,15.5303135
dish_1562945900,0.0,0.0
dish_1561576212,0.0,0.0
dish_1551566464,18.22936730264655,17.620932
dish_1563218031,100.0,100.0
dish_1563823814,10.69967645584832,10.233282
dish_1560444914,9.82865638334458,9.649945
dish_1551221892,60.554481090328785,48.09447
dish_1566591048,0.0,5.191794
dish_1565107066,0.0,1.1570355
dish_1561481577,0.0,0.29437837
dish_1561737839,0.0,0.5563226
dish_1550796152,0.0,0.44949082
dish_1561405887,41.87074207592368,43.499527
dish_1551381249,13.285301349780326,12.710048
dish_1559845637,0.0,0.38059902
dish_1558372695,0.0,0.27894235
dish_1558373074,100.0,99.56166
dish_1559849053,0.0,0.0
dish_1550795331,0.0,0.48335907
dish_1568401199,86.56963705975728,84.701385
dish_1566332116,15.09522617226989,14.462872
dish_1551382115,0.0,0.3287453
dish_1550774244,0.0,0.33570626
dish_1565972363,100.0,99.65081
dish_1559319902,0.0,0.69359773
dish_1563996464,20.303504570123536,19.873867
dish_1561663990,61.04539057311178,57.951954
dish_1550710664,12.633255783449258,12.2632265
dish_1562774159,0.0,0.75530946
dish_1560527950,10.150328776036659,9.905513
dish_1561062286,7.275034645718478,8.494499
dish_1551392752,0.0,1.9033692
dish_1551228715,17.25370423727641,18.157177
dish_1551566083,0.0,0.86873317
dish_1551133870,11.367234352162683,11.004156
dish_1562862550,26.946911307503854,13.607454
dish_1562687527,16.87152502420794,14.27587
dish_1565727765,22.849040311957836,21.127338
dish_1561404438,0.0,0.21184154
dish_1551323662,100.0,99.56313
dish_1551563925,74.51016997947956,75.09954
dish_1550772270,42.05541461594676,39.106594
dish_1551399449,0.0,0.0
dish_1560455224,0.0,3.2118044
dish_1558641211,11.993983525555564,10.597798
dish_1567107049,0.0,0.0
dish_1567537457,34.385664610328405,30.169971
dish_1563305321,11.921133398086454,10.404337
dish_1558630600,0.0,0.48335907
dish_1566328894,0.0,0.0
dish_1550712622,0.0,0.4433028
dish_1567022147,15.070420733589415,13.595398
dish_1559841023,0.0,1.0497886
dish_1567542914,0.0,0.0
dish_1566931674,0.0,0.028112425
dish_1560270630,0.0,0.67517287
dish_1565898723,100.0,99.729706
dish_1551393069,0.0,0.3287453
dish_1561997900,0.0,0.0
dish_1550771606,0.0,0.0
dish_1565107119,100.0,99.97701
dish_1565020755,0.0,0.29437837
dish_1565119642,24.344296749046634,22.81776
dish_1562950018,0.0,0.0
dish_1551493159,0.0,0.27894235
dish_1567801748,0.0,0.0
dish_1559844063,0.0,0.69359773
dish_1559848857,0.0,0.9202135
dish_1561407312,80.7308519526207,72.81512
dish_1562009894,0.0,0.0
dish_1568048053,0.0,0.0
dish_1558115282,100.0,99.56166
dish_1551235669,0.0,0.29437837
dish_1559158425,27.52368192603953,26.58618
dish_1551221853,18.22936730264655,17.620932
dish_1550793192,0.0,0.48335907
dish_1560975491,30.429695407630675,30.088976
dish_1563813360,0.0,1.4525467
dish_1551317589,0.0,1.9033692
dish_1550861670,0.0,1.1570355
dish_1550779336,0.0,1.5236778
dish_1551319895,0.0,0.86873317
dish_1559240875,0.0,0.1703644
dish_1567785622,0.0,0.5563226
dish_1565809033,100.0,99.63231
dish_1568233403,21.377615842724794,20.72172
dish_1562785159,53.39998303887279,48.366486
dish_1560455179,14.438877335115848,13.732798
dish_1558637351,0.0,0.48335907
dish_1565118096,100.0,98.58582
dish_1551235759,100.0,99.0647
dish_1550774815,0.0,0.5563226
dish_1562690144,0.0,0.36849976
dish_1558461760,11.993983525555564,11.955669
dish_1559751744,88.92944263442338,84.85327
dish_1550706237,0.0,0.0
dish_1563206409,0.0,0.64701647
dish_1565031338,54.88425769164818,52.786472
dish_1565382969,27.52368192603953,26.58618
dish_1560366998,10.319275916938324,10.178551
dish_1565896745,0.0,2.7856038
dish_1550862908,0.0,0.5563226
dish_1551564423,11.993983525555564,10.597798
dish_1560526472,0.0,3.8480775
dish_1550712877,0.0,0.13474481
dish_1559844928,0.0,0.38059902
dish_1561480460,55.67697545220705,54.83379
dish_1551222527,18.22936730264655,17.620932
dish_1562602627,0.0,0.0
dish_1562788536,0.0,0.0
dish_1558113255,11.367234352162683,11.004156
dish_1550873434,54.35680462999063,54.915253
dish_1565811025,92.67065271518968,93.126564
dish_1566851584,0.0,10.063838
dish_1565020926,19.138161681509317,13.129489
dish_1562173411,0.0,0.0
dish_1559590130,96.02201452209084,97.16557
dish_1568047973,44.420982321813995,33.241932
dish_1565034681,0.0,0.0
dish_1565627800,98.3176111330597,98.18591
dish_1551379408,74.49470069399514,73.72091
dish_1562086037,0.0,0.5563226
dish_1550777256,0.0,0.8917139
dish_1551324331,100.0,99.678024
dish_1558639673,11.993983525555564,11.955669
dish_1551567106,0.0,0.0
dish_1564073641,0.0,0.29308942
dish_1560874751,0.0,0.098651335
dish_1565981898,41.418873076598715,39.969906
dish_1551304456,0.0,0.0
dish_1558641358,18.22936730264655,17.620932
dish_1558724853,32.4651019864358,32.036213
dish_1562008476,100.0,100.0
dish_1550797094,23.04766898940332,22.385452
dish_1551234288,20.603132121891207,19.612413
dish_1564689138,0.0,1.3975028
dish_1563897938,0.0,0.29437837
dish_1562686548,26.116594206202976,18.990593
dish_1568229399,0.0,1.094996
dish_1550859356,0.0,0.27894235
dish_1550862495,10.752762941119556,10.486614
dish_1560453150,0.0,4.8540835
dish_1561749778,100.0,100.0
dish_1551563723,0.0,0.69359773
dish_1565383159,0.0,1.8905445
dish_1551375715,11.367234352162683,11.004156
dish_1561575192,19.499566775324823,19.011906
dish_1565207694,81.04958877565328,76.379456
dish_1560444637,0.0,0.0
dish_1558641253,0.0,0.5280961
dish_1559235771,0.0,0.0
dish_1562700593,69.67076483469233,69.11418
dish_1565382762,0.0,0.46618104
dish_1550712459,0.8581932276749171,18.185987
dish_1550777025,0.0,0.33570626
dish_1565208611,31.045138867444052,30.6105
dish_1551390528,18.22936730264655,17.620932
dish_1558380058,0.0,0.0
dish_1550793023,11.367234352162683,11.004156
dish_1551228478,0.0,0.9214326
dish_1550781280,23.04766898940332,22.385452
dish_1567108037,0.0,0.40593064
dish_1550778646,0.0,0.38826925
dish_1558630450,0.0,0.26627958
dish_1563827188,100.0,100.0
dish_1568305198,0.0,0.2604416
dish_1562875159,0.0,0.0
dish_1551224283,18.22936730264655,17.620932
dish_1558116547,100.0,99.56166
dish_1566501067,33.21349394856696,33.306976
dish_1558639979,0.0,0.0
dish_1560529804,10.150328776036659,9.905513
dish_1551394835,0.0,0.3080027
dish_1551493680,0.0,0.86873317
dish_1565726949,79.81494956927965,76.342316
dish_1563218987,0.0,0.0
dish_1551134622,0.0,0.0
dish_1551232686,74.51016580494542,75.09954
dish_1564170283,0.0,1.6207796
dish_1565728494,0.0,0.0
dish_1558380152,100.0,99.56166
dish_1564082212,52.96612757057267,53.52703
dish_1551566642,11.993983525555564,10.597798
dish_1562614088,23.04766898940332,22.385452
dish_1563222850,41.14815977137627,41.82741
dish_1564775216,0.0,4.2637806
dish_1558630176,0.0,0.48335907
dish_1565194781,86.3684010375051,85.152855
dish_1568404850,0.0,0.0
dish_1563391333,11.91680760116762,11.77093
dish_1568666263,20.25460296147888,19.568508
dish_1567107989,0.0,5.953799
dish_1551399340,0.0,0.5440223
dish_1565638365,17.064498221343,14.611739
dish_1550793245,0.0,0.24028343
dish_1551399402,0.0,0.0
dish_1551565168,18.22936730264655,17.620932
dish_1566589933,100.0,99.765785
dish_1562617370,0.0,0.0
dish_1562788760,0.0,0.0
dish_1561662532,0.9165637944052776,3.9383237
dish_1551125258,32.46510198643581,32.036213
dish_1561577848,56.403735897408595,55.365337
dish_1551395194,100.0,99.425804
dish_1566244964,83.21105064626876,83.721245
dish_1559841127,86.97349106999553,86.30072
dish_1551564053,86.92299983595746,85.81976
dish_1561576652,14.576888724407482,13.5215435
dish_1551390872,0.0,1.2236931
dish_1559667948,0.0,0.0
dish_1561567086,0.0,0.38085157
dish_1551123072,11.367234352162683,11.004156
dish_1563303386,99.0526301797585,100.0
dish_1567525744,0.0,2.6501577
dish_1564590226,0.0,0.053597104
dish_1550706096,19.772353138321265,19.103073
dish_1559243139,11.921131797480086,10.458261
dish_1550712585,19.772353138321265,19.103073
dish_1562702091,14.809343022830845,13.533952
dish_1563304881,53.65883715291491,53.681347
dish_1565641844,0.0,0.0
dish_1562700931,15.874989086816129,15.650451
dish_1558724766,0.0,0.48335907
dish_1551225541,32.38693205274221,30.443176
dish_1561576737,98.61813458694348,99.28867
dish_1550712486,0.8581932276749171,18.185987
dish_1551304571,0.0,1.1570355
dish_1563465805,0.0,0.0
dish_1560888849,60.95479671075636,57.643135
dish_1550771330,0.0,1.1570355
dish_1551321757,0.0,0.3219026
dish_1558031526,0.0,0.3882122
dish_1561580406,98.05532749620633,96.73193
dish_1551223023,0.0,0.7514251
dish_1551139325,75.24904019743036,76.53754
dish_1562862529,62.09321414179828,62.46778
dish_1560961059,0.0,0.0
dish_1566333118,0.0,0.0
dish_1559849020,0.0,0.26627958
dish_1562690112,0.0,0.37024894
dish_1551235270,0.0,0.0
dish_1566835701,85.63381680675477,83.87617
dish_1563294465,0.0,0.8854436
dish_1563216381,23.04766898940332,22.385452
dish_1561654756,78.08038599325434,78.40048
dish_1560801020,0.0,3.6748176
dish_1551392347,0.0,0.5563226
dish_1565812186,100.0,99.67902
dish_1551377209,100.0,99.66807
dish_1551378018,21.377615842724794,20.726723
dish_1566331868,87.00825391934214,70.79181
dish_1566245365,0.0,0.28277192
dish_1566849862,0.0,0.44569632
dish_1551565529,74.62140411298634,76.479836
dish_1551566753,100.0,99.38184
dish_1563565805,38.99814527225185,38.5462
dish_1566329257,59.471272000733194,60.620636
dish_1563295360,0.0,1.2130556
dish_1563378073,63.84701895421783,64.51941
dish_1550874079,6.772365890770388,6.1240163
dish_1560539396,66.17944782735808,60.994347
dish_1561060558,12.648173801693332,7.3912477
dish_1551563337,0.0,0.27894235
dish_1551488103,11.993983525555564,10.597798
dish_1558640882,11.367234352162683,11.004156
dish_1558638163,11.993983525555564,10.597798
dish_1558630867,0.0,0.48335907
dish_1566415591,56.86768983873118,55.076283
dish_1559061675,10.150328776036659,9.905513
dish_1551486571,0.0,0.5440223
dish_1550778172,49.12583760599378,47.536213
dish_1563898880,0.0,2.8347924
dish_1551122795,0.0,1.1261728
dish_1551566524,100.0,99.51647
dish_1562689519,100.0,99.73337
dish_1558639588,0.0,0.0
dish_1563307488,0.0,0.45951253
dish_1566419603,0.0,1.018846
dish_1550772367,0.0,0.29437837
dish_1558031237,11.367234352162683,11.004156
dish_1559157919,0.0,4.110439
dish_1551381877,0.0,0.0
dish_1551136814,0.0,1.9123709
dish_1565896701,0.0,1.6268171
dish_1558641391,11.367234352162683,11.004156
dish_1551492056,63.684264320690644,61.976677
dish_1566332154,100.0,99.86605
dish_1563824092,13.090629917851388,12.284272
dish_1550711244,0.0,1.1261728
dish_1558630814,0.0,0.0
dish_1551323487,100.0,99.425804
dish_1558720335,11.367234352162683,11.004156
dish_1564590254,0.0,0.37375858
dish_1565711183,100.0,99.88783
dish_1551490503,0.0,0.21509509
dish_1551318673,19.36053123408668,17.970545
dish_1563909580,0.0,0.428826
dish_1566838317,3.9207323447108706,5.3697534
dish_1564083480,0.0,0.008875884
dish_1551384080,0.0,0.69359773
dish_1567785709,1.0592854918018304,4.614309
dish_1559934708,100.0,99.95626
dish_1551237321,24.399599250508345,22.756777
dish_1559674866,15.378358293203135,13.598315
dish_1551222068,12.633255783449258,12.2632265
dish_1551314390,0.0,1.4558371
dish_1563378690,0.0,0.0
dish_1562784388,0.0,0.0
dish_1560270537,0.0,0.69359773
dish_1551134138,41.80971281010352,40.05575
dish_1562785184,82.17686883984004,75.97564
dish_1562008738,19.45956871864705,18.796558
dish_1566328745,81.64477983323454,77.301765
dish_1561740353,11.263506047674198,12.177541
dish_1550708702,0.0,1.3784664
dish_1561736736,0.0,0.28637525
dish_1550876055,100.0,99.31681
dish_1563551006,0.0,0.0
dish_1564415499,0.0,0.29308942
dish_1551488485,70.32331652306749,69.35111
dish_1566587662,24.344296749046634,22.81776
dish_1559062005,0.0,0.2604416
dish_1551392519,100.0,99.765785
dish_1568144612,23.04766898940332,22.385452
dish_1567612986,94.17965572137544,96.327515
dish_1563480476,62.32177510794106,60.43225
dish_1565637162,0.0,0.0
dish_1566246541,81.57362315153333,78.782684
dish_1561662842,65.88551297890265,65.135635
dish_1561147967,0.0,0.030908326
dish_1565207727,0.0,13.497031
dish_1563476408,0.0,8.842503
dish_1564518454,0.0,0.0
dish_1562873002,66.28221516606258,55.71037
dish_1565020822,81.26528307288504,80.8214
dish_1551491090,36.74761543020219,36.633842
dish_1559846363,0.0,0.26876163
dish_1551391337,100.0,99.662315
dish_1551493854,0.0,0.27894235
dish_1562958721,0.0,0.835112
dish_1562961609,0.0,0.2366339
dish_1563294987,0.0,0.29437837
dish_1551304197,52.81389458502171,41.37983
dish_1551378179,0.0,0.73508584
dish_1565884766,100.0,99.387985
dish_1563294408,0.0,0.69359773
dish_1563812615,100.0,99.77065
dish_1566835641,100.0,99.53439
dish_1568060414,18.25442766049194,17.850067
dish_1551563511,13.285301349780326,12.710048
dish_1551235561,0.0,0.28277192
dish_1551391758,78.95667365986154,75.25345
dish_1550770222,23.04766898940332,22.385452
dish_1551564857,0.0,0.2664895
dish_1558376768,100.0,99.56166
dish_1551318504,18.22936730264655,17.620932
dish_1561996647,5.848246413532408,6.2216024
dish_1566849295,0.0,2.043406
dish_1551137431,0.0,0.0
dish_1559844323,0.0,0.0
dish_1558029686,0.0,0.29437837
dish_1551491216,0.0,1.1570355
dish_1565382833,0.0,0.0
dish_1551313872,0.0,1.9033692
dish_1551563890,100.0,99.56708
dish_1551224175,27.418681536703886,26.82376
dish_1561741090,87.60424768067402,89.4522
dish_1562085132,0.0,0.29437837
dish_1551490544,0.0,0.21509509
dish_1551234214,12.633255783449258,12.2632265
dish_1566587182,13.87162761841418,13.52738
dish_1550779153,23.04766898940332,22.385452
dish_1550792194,11.367234352162683,11.004156
dish_1558382263,76.2576763710618,77.03111
dish_1550778401,12.633255783449258,12.2632265
dish_1558114484,0.0,0.29437837
dish_1560798815,29.21199550203012,17.746756
dish_1551395909,21.377615842724794,20.726723
dish_1550875347,1.5024898927649843,9.262391
dish_1563378435,0.0,0.0
dish_1560367698,0.0,8.667677
dish_1558379712,0.0,0.0
dish_1567612954,0.0,0.29308942
dish_1561663606,59.486601144837174,52.592907
dish_1558116436,0.0,0.29437837
dish_1561481673,2.819253900241236,6.052346
dish_1567625294,0.0,0.0
dish_1557936645,10.752762941119556,10.5505085
dish_1568313640,21.163637362520774,19.945812
dish_1563555563,52.14334350825277,50.880886
dish_1562875898,83.4247532030782,83.8169
dish_1551494058,0.0,0.44569632
dish_1566242111,11.76254233831169,12.467434
dish_1550771938,19.772353138321265,19.103073
dish_1559846585,0.0,0.1703644
dish_1551392376,28.86974662548083,27.913881
dish_1562686492,0.0,1.0497886
dish_1563997418,0.0,3.1189988
dish_1551318543,13.285301349780326,12.710048
dish_1565724552,16.389489905318314,14.774686
dish_1564415140,100.0,99.96239
dish_1565884738,100.0,98.4522
dish_1559239256,0.0,0.86873317
dish_1562168673,0.0,1.9492829
dish_1563302391,94.48860476452752,97.72854
dish_1558628711,0.0,0.3466112
dish_1560357297,0.0,0.23000485
dish_1550710758,0.0,0.0
dish_1564588820,100.0,99.65081
dish_1550713065,0.0,0.0
dish_1550777827,0.04728967874552836,4.150912
dish_1550793300,0.0,0.24028343
dish_1558722748,0.0,0.5280961
dish_1563898688,23.04766898940332,22.385452
dish_1565021965,100.0,99.65081
dish_1551134895,0.0,0.44553939
dish_1561663914,99.32127033524642,98.66287
dish_1550861520,0.0,2.346385
dish_1551490670,0.0,0.44569632
dish_1561060613,97.18455077613733,98.58473
dish_1561575445,15.368586202409517,13.997215
dish_1550876619,10.752762941119556,10.486614
dish_1563475874,11.92093511906495,11.9123
dish_1563379163,0.0,0.0
dish_1550862733,0.0,0.57401866
dish_1562010394,0.0,1.8474784
dish_1559593722,0.0,0.024410546
dish_1561480439,0.0,2.059742
dish_1559674781,7.327008049483453,7.7713494
dish_1566244863,18.77217888689559,18.008259
dish_1560367676,0.0,0.49032852
dish_1550777418,0.0,0.0
dish_1551306375,0.0,0.0
dish_1565378680,0.0,0.0
dish_1565972429,89.16006197318286,90.91204
dish_1566230300,92.18612108476643,93.70482
dish_1562008394,12.633255783449258,12.2632265
dish_1560445004,34.22656769418839,33.02899
dish_1559674074,0.0,0.0
dish_1564086709,0.0,1.2888565
dish_1551494095,54.35680269160323,54.915253
dish_1550785481,6.772363161638282,6.1240163
dish_1566931116,18.22936730264655,17.620932
dish_1563468362,38.45526966825108,37.457264
dish_1566849955,12.057783558200697,11.811044
dish_1565117990,65.70242647298303,63.26236
dish_1558460138,11.993983525555564,11.955669
dish_1562874203,11.323937761389985,9.225216
dish_1564675157,0.0,0.0
dish_1561737248,0.0,0.0
dish_1568666303,100.0,99.701805
dish_1562010130,0.0,1.0750982
dish_1550706766,100.0,99.62622
dish_1563302420,100.0,100.0
dish_1551125436,19.927811029053032,19.282406
dish_1567023335,0.0,1.0309565
dish_1565727791,95.46503298465926,95.397964
dish_1564675060,10.150328776036659,9.905513
dish_1551567170,0.0,0.6310381
dish_1551224928,0.0,0.48335907
dish_1551396309,0.0,0.0
dish_1563305083,83.95864162603533,82.64427
dish_1565034234,18.22936730264655,17.620932
dish_1551395022,54.35680891247465,54.915253
dish_1551138312,0.0,0.22098127
dish_1550769882,48.31269387508054,46.26064
dish_1562168365,0.0,0.69359773
dish_1566488905,0.0,0.29308942
dish_1566933180,17.40304696938081,23.719797
dish_1550785526,100.0,99.42386
dish_1551305410,0.0,0.3287453
dish_1561739649,17.18755376016756,14.978409
dish_1559238993,0.0,0.5563226
dish_1564686740,0.0,0.0
dish_1550797130,6.695061404090225,7.391914
dish_1563307519,0.0,1.1776849
dish_1558116298,0.0,0.8959401
dish_1551493123,0.0,0.3080027
dish_1551233708,0.0,0.0
dish_1560454562,47.3160072765385,40.73766
dish_1560802730,59.99007220284931,56.986088
dish_1551225467,6.772366796043528,6.1240163
dish_1551235699,100.0,99.0647
dish_1551303437,12.424229104278666,17.216568
dish_1551316878,0.0,0.4130395
dish_1567021799,0.0,0.2766916
dish_1559149615,0.0,0.29437837
dish_1551323866,100.0,99.425804
dish_1559332795,0.0,0.96693045
dish_1565195362,0.0,0.29308942
dish_1561740385,14.391775474232887,13.97346
dish_1560366963,11.993983525555564,11.955669
dish_1563984835,50.41186561140192,42.02847
dish_1551488691,0.0,0.3080027
dish_1562010266,0.0,0.37798566
dish_1558638137,0.0,0.48335907
dish_1562691000,48.46456705882677,47.00836
dish_1551225281,0.0,0.0
dish_1561662926,86.08080787352091,83.8272
dish_1558633158,11.993983525555564,10.597798
dish_1558725085,9.559696052143096,9.70548
dish_1565799663,64.78786761364222,65.26019
dish_1565898402,6.730630700287065,9.710007
dish_1550793673,89.00124445225615,93.77664
dish_1550772199,0.0,0.38059902
dish_1566851677,0.0,3.9028456
dish_1565033189,100.0,99.61031
dish_1558458903,0.0,0.0
dish_1561666875,45.23997901098467,46.190033
dish_1560370833,0.0,0.0
dish_1563389742,100.0,99.462654
dish_1550712369,54.35680269160323,54.915253
dish_1561576449,18.22936730264655,17.620932
dish_1550772701,0.0,0.0
dish_1565972384,100.0,99.78282
dish_1564588889,85.97172468599891,85.728386
dish_1561577701,100.0,99.90028
dish_1567024112,0.0,0.0
dish_1551321793,0.0,0.3219026
dish_1568314857,0.0,0.0
dish_1557862829,27.523681926039515,26.58618
dish_1551306691,15.302213957281026,14.397892
dish_1551375596,100.0,99.425804
dish_1551316737,0.0,0.3287453
dish_1565641915,0.0,0.0
dish_1551493916,0.0,0.2263281
dish_1568217267,0.0,0.0
dish_1558722398,0.0,0.48335907
dish_1559061752,0.0,1.1080383
dish_1560889008,11.921139457525612,10.404337
dish_1565724588,17.48598422648743,16.283794
dish_1558640039,11.993983525555564,10.597798
dish_1551487472,0.0,6.0259223
dish_1563824304,14.825841001624113,13.817209
dish_1558028194,59.87187701244332,64.21896
dish_1563566939,0.0,0.0
dish_1561404485,8.665956572347838,7.619752
dish_1562086564,52.44998758807879,48.875263
dish_1563221054,0.0,0.08856281
dish_1560975628,84.70576113599353,72.383804
dish_1561749750,100.0,100.0
dish_1563221157,100.0,100.0
dish_1558636544,0.0,0.0
dish_1560802092,100.0,100.0
dish_1564170141,12.175344026295335,11.841922
dish_1566333255,57.04576554203853,55.500366
dish_1551375783,100.0,100.0
dish_1560455263,100.0,100.0
dish_1561752509,55.70028065745102,54.422134
dish_1563568319,0.0,0.0
dish_1562947020,0.0,0.64701647
dish_1562777566,0.0,0.0
dish_1558115825,0.0,0.26627958
dish_1558030910,0.0,0.29437837
dish_1564675193,81.921164860909,82.00645
dish_1566414291,0.0,0.38182586
dish_1551235946,21.377615842724794,20.72172
dish_1561493975,0.0,0.2766916
dish_1551373253,0.0,0.29437837
dish_1560369294,58.35774852928085,47.712204
dish_1551137277,0.0,0.0
dish_1566587714,100.0,100.0
dish_1563381461,0.0,0.2604416
dish_1551228669,17.25370423727641,18.157177
dish_1563897981,0.0,0.0
dish_1562702892,10.679754563549082,15.694614
dish_1558640373,11.443774590161738,11.044014
dish_1560443565,0.0,0.14478052
dish_1558030971,9.559696052143096,9.70548
dish_1551494035,0.0,0.0
dish_1550705580,54.356799989608746,54.915253
dish_1561575908,0.0,0.0
dish_1563909550,0.0,0.5803463
dish_1567022114,11.993983525555564,11.955669
dish_1560453356,100.0,100.0
dish_1558723475,11.367234352162683,11.004156
dish_1563305982,100.0,100.0
dish_1550862399,0.0,0.23201391
dish_1551134987,0.0,0.0
dish_1551374712,18.22936730264655,17.620932
dish_1562690950,0.0,0.6144695
dish_1550797692,0.0,0.27894235
dish_1568147044,0.0,0.32494316
dish_1564514906,16.022021951362632,12.743571
dish_1558373352,0.0,0.26627958
dish_1562179966,0.0,0.29437837
dish_1551233095,29.4417981085669,29.306007
dish_1562700568,86.27121918629923,89.15606
dish_1558639949,11.367234352162683,11.004156
dish_1564686966,0.0,0.2619854
dish_1563294547,0.0,0.0
dish_1568141871,0.0,0.0
dish_1563382911,0.0,1.1570355
dish_1561662054,32.79379538048953,33.530025
dish_1560455030,7.172695491222939,7.671506
dish_1561575474,11.99509533587721,12.253686
dish_1565972591,0.0,0.08504816
dish_1550876012,95.0,94.90513
dish_1563381680,0.0,0.0
dish_1562611680,37.176680453547654,47.056572
dish_1568144828,6.835535167880494,7.8824563
dish_1550708440,0.0,0.0
dish_1551307090,0.0,0.0
dish_1560453174,74.54885399428491,75.27644
dish_1551226363,18.04766898940332,17.899595
dish_1558549773,22.523681926039515,21.914967
dish_1563822597,17.48362797143919,17.117937
dish_1551489812,0.0,0.0
dish_1566417516,49.04080626467734,43.87004
dish_1563996485,15.37544704006325,15.752802
dish_1563998210,51.40371527746495,51.288628
dish_1558459115,0.0,0.11626589
dish_1564082178,56.04539082809889,53.811848
dish_1558723777,0.0,0.0
dish_1562873028,61.266686827089586,51.40618
dish_1558115867,0.0,0.0
dish_1561580370,0.0,3.3172185
dish_1566502211,25.42969961734312,25.513544
dish_1551563213,80.9214032989778,80.97532
dish_1550775318,0.0,0.0
dish_1565383026,9.542909625311765,10.357605
dish_1558642089,6.993983525555564,6.885171
dish_1558723866,13.229367302646551,13.300078
dish_1551380950,0.0,0.0
dish_1559319860,0.0,0.0
dish_1559242568,0.0,0.0
dish_1563824339,8.942700033576173,8.805832
dish_1562094621,13.229367302646551,13.313492
dish_1550707156,0.0,0.0
dish_1560527191,0.0,0.0
dish_1558546663,0.0,0.0
dish_1551393210,0.0,0.0
dish_1568314823,0.0,0.0
dish_1563468299,21.876093469513208,21.116291
dish_1551323574,0.0,0.56939495
dish_1551491271,69.5101727436982,70.16445
dish_1558723414,0.0,0.18387535
dish_1562691674,64.29308192038201,64.1812
dish_1562602860,33.564392133719586,32.726868
dish_1568217372,0.0,0.0
dish_1563395480,95.0,95.833374
dish_1558719994,0.0,0.0
dish_1562960520,68.2753888611344,65.30219
dish_1566488928,0.0,0.0
dish_1558031302,0.0,0.09228139
dish_1563910171,81.5105870368395,77.09976
dish_1551392590,24.4417981085669,24.643078
dish_1558116201,0.0,0.0
dish_1550777469,0.0,0.1393594
dish_1562008813,9.389628989964223,9.24891
dish_1551391710,0.0,0.0
dish_1568061202,0.0,2.2660887
dish_1562785132,2.9535657093767895,7.7118797
dish_1559233102,0.0,0.0
dish_1558639787,13.229367302646551,13.300078
dish_1567542876,0.0,0.0
dish_1561577573,0.0,0.0
dish_1550776957,0.0,0.0
dish_1551395800,0.0,0.0
dish_1558115011,0.0,0.0
dish_1565638323,6.899146563842109,7.4280853
dish_1550773394,14.772353138321265,14.851266
dish_1566416421,26.944158407799122,24.766985
dish_1561661347,19.744871633515572,18.23546
dish_1566931586,95.0,95.52596
dish_1551493723,0.0,0.0
dish_1563908923,25.429695407630675,25.513544
dish_1551318068,0.0,0.19872776
dish_1561061687,95.0,96.2424
dish_1558115448,0.0,0.0
dish_1551228830,0.0,0.0
dish_1561575613,0.0,0.14179106
dish_1566245437,84.47253736656208,82.22525
dish_1550706583,49.35680623461601,49.634274
dish_1558639335,0.0,0.0
dish_1563382953,6.437900623339473,3.9419694
dish_1550710342,95.0,95.24409
dish_1558725403,0.0,0.0
dish_1550710715,0.0,0.0
dish_1551303476,5.8890961357740395,17.515703
dish_1550776767,0.0,0.0
dish_1551141628,0.0,0.0
dish_1551123986,5.752762941119556,6.3057637
dish_1550788827,1.7723579696316705,3.2826712
dish_1558628921,6.993983525555564,6.885171
dish_1561662814,0.0,2.590228
dish_1560366438,13.97111287936832,15.015217
dish_1566931140,13.66510654560659,14.214154
dish_1560360112,0.0,0.0
dish_1550788264,0.0,0.0
dish_1562611853,20.088305452503775,17.634377
dish_1551374560,0.0,0.0
dish_1560369146,53.36617928100576,57.071003
dish_1562783691,95.0,94.92412
dish_1565023128,0.0,0.0
dish_1559158354,18.04766898940332,17.899595
dish_1562007842,14.752396801623092,14.410293
dish_1561580431,86.8317363747251,89.16136
dish_1562788010,12.016979336117913,11.223817
dish_1562702853,0.0,0.21462569
dish_1565627751,0.0,0.0
dish_1562861174,5.363328391429661,5.751947
dish_1567785165,0.0,0.0
dish_1551567604,0.0,0.0
dish_1564083459,0.0,0.0
dish_1558637865,0.0,0.18387535
dish_1563997327,0.0,0.0
dish_1566934120,41.78094904433689,39.499653
dish_1563910639,57.32175841184336,56.509647
dish_1559244649,0.0,4.3911495
dish_1563998513,93.0387168771768,94.034065
dish_1551142128,0.0,0.0
dish_1562170356,0.0,1.2252437
dish_1562963517,13.090651415124867,12.067473
dish_1551376892,0.0,0.0
dish_1561492161,0.0,0.7156193
dish_1562691064,0.0,2.9808884
dish_1562777000,0.0,0.0
dish_1563220109,0.0,3.8828084
dish_1562096542,13.87019313351874,14.235019
dish_1562961588,0.0,0.0
dish_1563823860,12.05294694586263,11.432549
dish_1565640601,95.0,96.30512
dish_1561753275,89.7428048512988,92.01818
dish_1550875968,6.367234352162683,6.8130913
dish_1564170071,8.285301349780326,8.502423
dish_1561667430,0.0,1.4156256
dish_1550771387,3.529134307148283,7.115255
dish_1565032680,0.0,0.11377343
dish_1561134128,0.054586878357170576,4.0397344
dish_1558550218,0.0,0.0
dish_1562963006,11.87300664993596,11.12921
dish_1550795361,0.0,0.09228139
dish_1560541760,94.90000128500098,95.46959
dish_1551313896,0.0,0.19578452
dish_1564687090,62.46300404156119,65.42524
dish_1565725244,95.0,95.70685
dish_1563302447,91.44559028239122,93.4492
dish_1562872150,24.4417981085669,24.643078
dish_1566246415,16.377615842724794,16.616047
dish_1550796686,0.0,0.0
dish_1562613403,56.318309363648495,53.33712
dish_1551389387,0.0,0.0
dish_1563391708,0.0,0.0
dish_1563378660,0.0,0.0
dish_1551236550,0.0,0.0
dish_1563566810,0.0,0.0
dish_1561148042,16.746034411773053,25.657469
dish_1562614895,18.04766898940332,17.899595
dish_1568313487,16.377615842724794,16.616047
dish_1568143612,13.492206573099253,10.442597
dish_1566590007,12.55008515156183,14.856975
dish_1566844850,50.489401130450354,50.411205
dish_1561752481,0.0,2.3636034
dish_1551233610,0.0,0.28837743
dish_1550876969,0.0,0.0
dish_1550788591,49.127500453328054,46.127155
dish_1550796731,6.367234352162683,6.8130913
dish_1558468401,0.0,0.0
dish_1560798785,19.920391928801138,14.265474
dish_1565379377,95.0,95.38126
dish_1565725123,95.0,95.421394
dish_1550705786,0.0,0.0
dish_1551378449,0.0,0.4083152
dish_1564160161,0.0,0.0
dish_1565207896,70.27598029212885,71.82579
dish_1560788338,95.0,95.11357
dish_1550710542,29.016140072315523,28.003073
dish_1558115364,12.206627287817838,12.278535
dish_1563811662,64.80679590451771,63.8276
dish_1563478751,0.41592937399883567,4.170936
dish_1561148021,0.0,8.332783
dish_1558381860,0.0,0.0
dish_1568315988,95.0,95.35033
dish_1551122614,27.465101986435812,27.19053
dish_1558723073,6.993983525555564,7.5656977
dish_1550713174,0.0,0.0
dish_1564685450,0.0,0.3079458
dish_1551226013,27.465101986435812,27.19053
dish_1565023182,0.0,0.0
dish_1551236657,24.4417981085669,24.643078
dish_1558027057,0.0,0.0
dish_1551490433,16.377615842724794,16.62105
dish_1560887457,0.0,0.0
dish_1567625343,10.783871884924238,10.481597
dish_1568405430,0.0,0.0
dish_1558468589,24.4417981085669,24.643078
dish_1558468435,18.04766898940332,17.899595
dish_1551564543,0.0,0.0
dish_1566931650,83.60573005185616,82.21422
dish_1551318377,0.0,0.0
dish_1566230222,95.0,95.26021
dish_1551221801,1.7723579696316705,3.2826712
dish_1561666640,0.0,0.0
dish_1561665706,0.0,0.0
dish_1558636028,0.0,0.28865466
dish_1564685229,0.0,0.0
dish_1566587102,68.0471903256639,66.95678
dish_1551225714,0.0,0.0
dish_1562603536,0.0,0.0
dish_1564170098,7.35500278066111,8.85307
dish_1563910276,57.32177630733115,56.509647
dish_1558722322,6.993983525555564,6.885171
dish_1566419546,0.0,0.0
dish_1561580322,28.541276008890094,28.01639
dish_1563480534,77.21260424395312,73.93208
dish_1566501153,0.0,0.0
dish_1562008936,25.429695407630675,25.513544
dish_1550791822,0.0,0.12017916
dish_1551135590,14.772353138321265,14.851266
dish_1560801041,0.0,2.8470902
dish_1563897047,95.0,95.26021
dish_1550772314,37.05541461594676,35.95598
dish_1558381084,0.0,0.0
dish_1551564221,0.0,0.0
dish_1550773949,0.0,0.0
dish_1551492732,0.0,0.0
dish_1566500988,12.433418781841382,11.222314
dish_1565119439,0.0,0.0
dish_1564775147,0.0,0.35639122
dish_1568217325,0.0,0.0
dish_1565640868,95.0,95.66148
dish_1551373181,0.0,0.0
dish_1558114937,16.377615842724794,16.616047
dish_1558379182,0.0,0.0
dish_1563389413,18.04766898940332,17.899595
dish_1561579673,48.37687462915945,46.13437
dish_1551226101,0.0,0.0
dish_1568132601,3.3743179829180434,3.9219077
dish_1558628956,64.50697964008373,64.20154
dish_1567537422,11.81543209241471,12.194551
dish_1561579576,10.092011906951186,9.119375
dish_1551377094,0.0,0.0
dish_1563827482,17.823228229339378,18.870722
dish_1551322577,0.0,0.0
dish_1551390802,0.0,0.0
dish_1550785404,6.993983525555564,6.885171
dish_1558630737,13.229367302646551,13.300078
dish_1568405499,66.46254567473889,64.525604
dish_1563216659,95.0,95.25191
dish_1558723568,0.0,0.0
dish_1558026623,4.559696052143096,5.61246
dish_1562008429,44.26972193499772,45.8641
dish_1565637578,82.01191258786147,63.01964
dish_1561578898,0.0,0.0
dish_1561404956,95.0,94.92215
dish_1558638844,0.0,0.0
dish_1558379273,0.0,0.0
dish_1551142547,76.41022592062147,61.154766
dish_1563900205,37.36187811514408,37.671383
dish_1561580278,25.429695407630675,25.513544
dish_1550707357,0.0,0.56939495
dish_1566316612,0.0,0.0
dish_1562945499,29.12906316556277,30.723902
dish_1560368162,9.938858235087409,9.103419
dish_1565031283,0.0,0.0
dish_1551565720,88.13501426961454,90.85089
dish_1550777713,6.367234352162683,6.8130913
dish_1559232986,0.0,0.0
dish_1561578188,10.351888858125307,9.305844
dish_1551136396,50.297108523168106,54.086823
dish_1551222833,0.0,0.13935515
dish_1562690886,17.55200388280656,17.870703
dish_1551395766,0.0,0.0
dish_1560543625,95.0,95.52985
dish_1559932674,0.0,0.0
dish_1566931620,95.0,95.407974
dish_1551493311,0.0,0.6149001
dish_1550711314,23.24917928784774,18.78624
dish_1551303285,0.0,0.12017916
dish_1561491180,48.67233912436249,43.387157
dish_1558725702,27.465101986435812,27.19053
dish_1562789240,0.0,0.062886864
dish_1550863078,0.0,0.0
dish_1560455380,16.705578244168464,17.875713
dish_1563897395,0.0,0.34139326
dish_1565382733,0.0,0.0
dish_1550708327,25.859945305651593,26.038849
dish_1563221443,0.0,0.0
dish_1562875211,0.0,0.42643696
dish_1561492519,0.0,3.1347368
dish_1561997248,0.0,0.0
dish_1558723719,0.0,0.0
dish_1550771191,0.0,0.0
dish_1562691566,67.62568124501476,69.44082
dish_1563909507,14.109706387949487,13.864532
dish_1566414723,60.62267798407237,59.760643
dish_1564589025,0.0,0.0
dish_1563822636,95.0,95.58443
dish_1558115512,0.0,0.0
dish_1564588533,29.781299594581014,28.646238
dish_1558544427,0.0,0.0
dish_1564601569,4.791759260012498,6.5702825
dish_1561480414,0.0,4.4545426
dish_1561407208,60.94427364336214,60.180252
dish_1564589308,0.0,0.0
dish_1558379391,0.0,1.0338552
dish_1550707056,0.0,0.0
dish_1551395396,16.377615842724794,16.62105
dish_1563897369,0.0,0.067657635
dish_1551565096,64.661896612182,44.970272
dish_1551324180,13.229367302646551,13.300078
dish_1550711688,7.633255783449258,8.063087
dish_1563908996,95.0,95.41629
dish_1565035830,95.0,95.57601
dish_1551224380,0.0,0.0
dish_1565898590,67.06783902156704,68.87539
dish_1558718974,0.0,0.0
dish_1551494147,0.0,0.0
dish_1551223394,0.0,0.0
dish_1550774895,0.0,0.0
dish_1550861458,0.0,0.86062604
dish_1566590987,30.915878094010623,39.381294
dish_1567110665,53.289231529163565,50.836903
dish_1559925174,0.0,0.0
dish_1550874829,0.0,0.0
dish_1550713423,7.633255783449258,8.063087
dish_1567019993,26.92909560356881,26.850304
dish_1565811335,19.633489487709113,19.126564
dish_1563221086,71.82617592357904,68.839714
dish_1551565068,64.66188557180564,44.970272
dish_1551392884,0.0,0.19872776
dish_1565036922,0.0,4.6449223
dish_1563220802,95.0,95.33175
dish_1562691613,19.15080912893302,13.033673
dish_1559843222,0.0,0.0
dish_1560455421,39.242836656293235,47.08164
dish_1562959517,0.0,0.0
dish_1566413321,22.523681926039515,21.914967
dish_1561746876,0.0,0.49948925
dish_1562788732,2.9535739799995184,7.7118797
dish_1568060542,80.19354948352608,71.20031
dish_1566402095,95.0,94.85409
dish_1566501012,5.968485119113694,8.241539
dish_1550773284,0.0,0.0
dish_1562945779,0.0,0.0
dish_1566317775,0.0,1.0041374
dish_1558115915,0.0,0.0
dish_1558719298,0.0,0.0
dish_1550791214,22.076091895133374,26.048115
dish_1559589902,21.958001577556047,20.588112
dish_1567525681,0.0,0.0
dish_1565898361,0.0,0.5373812
dish_1560529825,0.0,0.0
dish_1562774504,0.0,0.17271568
dish_1562872945,48.60654582122314,37.146713
dish_1563996509,95.0,95.34245
dish_1561999287,17.552013742305718,17.870703
dish_1562700496,13.229367302646551,13.300078
dish_1559846034,18.04766898940332,17.899595
dish_1551233403,16.56515162448791,17.100668
dish_1562086740,0.0,0.0
dish_1561574974,7.506909144122204,7.9133806
dish_1551379045,13.654453041171934,11.98375
dish_1562945900,0.0,0.0
dish_1561576212,0.0,0.0
dish_1551566464,13.229367302646551,13.300078
dish_1563218031,95.0,96.118225
dish_1563823814,5.699676455848319,6.1000395
dish_1560444914,4.82865638334458,5.7001247
dish_1551221892,55.554481090328785,43.65321
dish_1566591048,0.0,3.0668085
dish_1565107066,0.0,0.0
dish_1561481577,0.0,0.0
dish_1561737839,0.0,0.0
dish_1550796152,0.0,0.0
dish_1561405887,36.87074207592368,40.922436
dish_1551381249,8.285301349780326,8.502423
dish_1559845637,0.0,0.09228139
dish_1558372695,0.0,0.0
dish_1558373074,95.0,95.17106
dish_1559849053,0.0,0.0
dish_1550795331,0.0,0.0
dish_1568401199,81.56963705975728,79.546875
dish_1566332116,10.09522617226989,10.520357
dish_1551382115,0.0,0.12017916
dish_1550774244,0.0,0.0
dish_1565972363,95.0,95.26021
dish_1559319902,0.0,0.0
dish_1563996464,15.303504570123536,16.130602
dish_1561663990,56.04539057311178,53.811848
dish_1550710664,7.633255783449258,8.063087
dish_1562774159,0.0,0.0
dish_1560527950,5.150328776036659,5.7041736
dish_1561062286,2.2750346457184776,6.5656195
dish_1551392752,0.0,0.9024289
dish_1551228715,12.25370423727641,15.022351
dish_1551566083,0.0,0.0
dish_1551133870,6.367234352162683,6.8130913
dish_1562862550,21.946911307503854,10.902379
dish_1562687527,11.87152502420794,10.166555
dish_1565727765,17.849040311957836,16.96964
dish_1561404438,0.0,0.0
dish_1551323662,95.0,95.16425
dish_1551563925,69.51016997947956,70.16445
dish_1550772270,37.05541461594676,35.95598
dish_1551399449,0.0,0.10799723
dish_1560455224,0.0,2.1086109
dish_1558641211,6.993983525555564,6.885171
dish_1567107049,0.0,0.0
dish_1567537457,29.385664610328405,26.17231
dish_1563305321,6.921133398086454,7.092035
dish_1558630600,0.0,0.0
dish_1566328894,0.0,0.0
dish_1550712622,0.0,0.19518586
dish_1567022147,10.070420733589415,9.06195
dish_1559841023,0.0,0.08504816
dish_1567542914,0.0,0.0
dish_1566931674,0.0,0.0
dish_1560270630,0.0,0.0
dish_1565898723,95.0,95.342636
dish_1551393069,0.0,0.12017916
dish_1561997900,0.0,0.0
dish_1550771606,0.0,0.0
dish_1565107119,95.0,95.56533
dish_1565020755,0.0,0.0
dish_1565119642,19.344296749046634,18.313019
dish_1562950018,0.0,0.0
dish_1551493159,0.0,0.0
dish_1567801748,0.0,0.0
dish_1559844063,0.0,0.0
dish_1559848857,0.0,0.0
dish_1561407312,75.7308519526207,68.68879
dish_1562009894,0.0,0.0
dish_1568048053,0.0,0.0
dish_1558115282,95.0,95.17106
dish_1551235669,0.0,0.0
dish_1559158425,22.52368192603953,21.914967
dish_1551221853,13.229367302646551,13.300078
dish_1550793192,0.0,0.0
dish_1560975491,25.429695407630675,25.513544
dish_1563813360,0.0,0.5667807
dish_1551317589,0.0,0.9024289
dish_1550861670,0.0,0.0
dish_1550779336,0.0,0.2718574
dish_1551319895,0.0,0.0
dish_1559240875,0.0,0.0
dish_1567785622,0.0,0.0
dish_1565809033,95.0,95.23343
dish_1568233403,16.377615842724794,16.616047
dish_1562785159,48.39998303887279,45.72249
dish_1560455179,9.438877335115848,9.795508
dish_1558637351,0.0,0.0
dish_1565118096,95.0,93.76244
dish_1551235759,95.0,94.56325
dish_1550774815,0.0,0.0
dish_1562690144,0.0,0.0
dish_1558461760,6.993983525555564,7.5656977
dish_1559751744,83.92944263442338,81.48908
dish_1550706237,0.0,0.0
dish_1563206409,0.0,0.0
dish_1565031338,49.88425769164818,48.497673
dish_1565382969,22.52368192603953,21.914967
dish_1560366998,5.319275916938324,6.0453067
dish_1565896745,0.0,0.99448013
dish_1550862908,0.0,0.0
dish_1551564423,6.993983525555564,6.885171
dish_1560526472,0.0,1.206875
dish_1550712877,0.0,0.0
dish_1559844928,0.0,0.09228139
dish_1561480460,50.67697545220705,50.27263
dish_1551222527,13.229367302646551,13.300078
dish_1562602627,0.0,0.0
dish_1562788536,0.0,0.0
dish_1558113255,6.367234352162683,6.8130913
dish_1550873434,49.35680462999063,49.634274
dish_1565811025,87.67065271518968,88.04755
dish_1566851584,0.0,6.366444
dish_1565020926,14.138161681509317,11.376145
dish_1562173411,0.0,0.0
dish_1559590130,91.02201452209084,92.00909
dish_1568047973,39.420982321813995,30.826086
dish_1565034681,0.0,0.0
dish_1565627800,93.3176111330597,93.590866
dish_1551379408,69.49470069399514,68.914894
dish_1562086037,0.0,0.0
dish_1550777256,0.0,0.0
dish_1551324331,95.0,95.24249
dish_1558639673,6.993983525555564,7.5656977
dish_1551567106,0.0,0.0
dish_1564073641,0.0,0.0
dish_1560874751,0.0,0.13424298
dish_1565981898,36.418873076598715,36.34556
dish_1551304456,0.0,0.1393594
dish_1558641358,13.229367302646551,13.300078
dish_1558724853,27.465101986435798,27.19053
dish_1562008476,95.0,95.62645
dish_1550797094,18.04766898940332,17.899595
dish_1551234288,15.603132121891207,15.341709
dish_1564689138,0.0,0.49305484
dish_1563897938,0.0,0.0
dish_1562686548,21.116594206202976,15.748736
dish_1568229399,0.0,0.7156193
dish_1550859356,0.0,0.0
dish_1550862495,5.752762941119556,6.3057637
dish_1560453150,0.0,3.808843
dish_1561749778,95.0,95.66336
dish_1551563723,0.0,0.0
dish_1565383159,0.0,0.5162754
dish_1551375715,6.367234352162683,6.8130913
dish_1561575192,14.499566775324823,14.926482
dish_1565207694,76.04958877565328,72.78457
dish_1560444637,0.0,0.0
dish_1558641253,0.0,0.18387535
dish_1559235771,0.0,0.0
dish_1562700593,64.67076483469233,65.49081
dish_1565382762,0.0,0.37841323
dish_1550712459,0.0,14.834151
dish_1550777025,0.0,0.0
dish_1565208611,26.045138867444052,25.931189
dish_1551390528,13.229367302646551,13.300078
dish_1558380058,0.0,0.0
dish_1550793023,6.367234352162683,6.8130913
dish_1551228478,0.0,0.25347635
dish_1550781280,18.04766898940332,17.899595
dish_1567108037,0.0,0.0
dish_1550778646,0.0,0.0
dish_1558630450,0.0,0.0
dish_1563827188,95.0,96.03746
dish_1568305198,0.0,0.0
dish_1562875159,0.0,0.0
dish_1551224283,13.229367302646551,13.300078
dish_1558116547,95.0,95.17106
dish_1566501067,28.213493948566963,29.687866
dish_1558639979,0.0,0.0
dish_1560529804,5.150328776036659,5.7041736
dish_1551394835,0.0,0.0
dish_1551493680,0.0,0.0
dish_1565726949,74.81494956927965,72.7651
dish_1563218987,0.0,0.0
dish_1551134622,0.0,0.0
dish_1551232686,69.51016580494542,70.16445
dish_1564170283,0.0,1.0194516
dish_1565728494,0.0,0.0
dish_1558380152,95.0,95.17106
dish_1564082212,47.96612757057267,48.959324
dish_1551566642,6.993983525555564,6.885171
dish_1562614088,18.04766898940332,17.899595
dish_1563222850,36.14815977137627,39.46046
dish_1564775216,0.0,2.5571582
dish_1558630176,0.0,0.0
dish_1565194781,81.3684010375051,80.3345
dish_1568404850,0.0,0.0
dish_1563391333,6.916807601167619,7.492533
dish_1568666263,15.25460296147888,15.297808
dish_1567107989,0.0,3.9375906
dish_1551399340,0.0,0.19872776
dish_1565638365,12.064498221343001,11.914836
dish_1550793245,0.0,0.0
dish_1551399402,0.0,0.1393594
dish_1551565168,13.229367302646551,13.300078
dish_1566589933,95.0,95.35033
dish_1562617370,0.0,0.0
dish_1562788760,0.0,0.0
dish_1561662532,0.0,3.0320303
dish_1551125258,27.465101986435812,27.19053
dish_1561577848,51.403735897408595,51.288628
dish_1551395194,95.0,94.94941
dish_1566244964,78.21105064626876,78.774086
dish_1559841127,81.97349106999553,81.366486
dish_1551564053,81.92299983595746,80.9405
dish_1561576652,9.576888724407482,8.994065
dish_1551390872,0.0,0.58128273
dish_1559667948,0.0,0.0
dish_1561567086,0.0,0.0
dish_1551123072,6.367234352162683,6.8130913
dish_1563303386,94.0526301797585,95.452576
dish_1567525744,0.0,2.6478994
dish_1564590226,0.0,0.0
dish_1550706096,14.772353138321265,14.851266
dish_1559243139,6.921131797480086,7.145958
dish_1550712585,14.772353138321265,14.851266
dish_1562702091,9.809343022830845,9.068946
dish_1563304881,48.65883715291491,49.085205
dish_1565641844,0.0,0.0
dish_1562700931,10.874989086816129,11.512587
dish_1558724766,0.0,0.0
dish_1551225541,27.38693205274221,27.157452
dish_1561576737,93.61813458694348,94.66447
dish_1550712486,0.0,14.834151
dish_1551304571,0.0,0.0
dish_1563465805,0.0,0.0
dish_1560888849,55.95479671075636,53.871437
dish_1550771330,0.0,0.0
dish_1551321757,0.0,0.14622834
dish_1558031526,0.0,0.0
dish_1561580406,93.05532749620633,92.7913
dish_1551223023,0.0,0.31513992
dish_1551139325,70.24904019743036,71.731514
dish_1562862529,57.09321414179828,58.98977
dish_1560961059,0.0,0.0
dish_1566333118,0.0,0.0
dish_1559849020,0.0,0.0
dish_1562690112,0.0,0.0
dish_1551235270,0.0,0.0
dish_1566835701,80.63381680675477,78.85418
dish_1563294465,0.0,0.05185269
dish_1563216381,18.04766898940332,17.899595
dish_1561654756,73.08038599325434,74.52326
dish_1560801020,0.0,2.4796133
dish_1551392347,0.0,0.0
dish_1565812186,95.0,95.21405
dish_1551377209,95.0,95.26919
dish_1551378018,16.377615842724794,16.62105
dish_1566331868,82.00825391934214,66.525536
dish_1566245365,0.0,0.0
dish_1566849862,0.0,0.0
dish_1551565529,69.62140411298634,71.67381
dish_1551566753,95.0,94.97016
dish_1563565805,33.99814527225185,33.8115
dish_1566329257,54.471272000733194,56.064697
dish_1563295360,0.0,0.0
dish_1563378073,58.84701895421783,60.019176
dish_1550874079,1.7723658907703879,3.2826712
dish_1560539396,61.179447827358075,57.17522
dish_1561060558,7.648173801693332,6.251188
dish_1551563337,0.0,0.0
dish_1551488103,6.993983525555564,6.885171
dish_1558640882,6.367234352162683,6.8130913
dish_1558638163,6.993983525555564,6.885171
dish_1558630867,0.0,0.0
dish_1566415591,51.86768983873118,50.509186
dish_1559061675,5.150328776036659,5.7041736
dish_1551486571,0.0,0.19872776
dish_1550778172,44.12583760599378,42.82376
dish_1563898880,0.0,0.7415063
dish_1551122795,0.0,0.56939495
dish_1551566524,95.0,95.10479
dish_1562689519,95.0,95.29784
dish_1558639588,0.0,0.0
dish_1563307488,0.0,0.0
dish_1566419603,0.0,0.30913767
dish_1550772367,0.0,0.0
dish_1558031237,6.367234352162683,6.8130913
dish_1559157919,0.0,2.0089395
dish_1551381877,0.0,0.0
dish_1551136814,0.0,1.5933293
dish_1565896701,0.0,0.54321885
dish_1558641391,6.367234352162683,6.8130913
dish_1551492056,58.684264320690644,57.367886
dish_1566332154,95.0,95.43052
dish_1563824092,8.090629917851388,7.8790092
dish_1550711244,0.0,0.56939495
dish_1558630814,0.0,0.0
dish_1551323487,95.0,94.94941
dish_1558720335,6.367234352162683,6.8130913
dish_1564590254,0.0,0.0
dish_1565711183,95.0,95.40906
dish_1551490503,0.0,0.0
dish_1551318673,14.360531234086679,13.717265
dish_1563909580,0.0,0.0
dish_1566838317,0.0,2.7604847
dish_1564083480,0.0,0.0
dish_1551384080,0.0,0.0
dish_1567785709,0.0,2.2765102
dish_1559934708,95.0,95.46633
dish_1551237321,19.399599250508345,19.907911
dish_1559674866,10.378358293203135,9.053717
dish_1551222068,7.633255783449258,8.063087
dish_1551314390,0.0,0.0
dish_1563378690,0.0,0.0
dish_1562784388,0.0,0.0
dish_1560270537,0.0,0.0
dish_1551134138,36.80971281010352,35.44722
dish_1562785184,77.17686883984004,72.60048
dish_1562008738,14.459568718647049,14.711137
dish_1566328745,76.64477983323454,72.22273
dish_1561740353,6.263506047674198,8.514894
dish_1550708702,0.0,0.13155667
dish_1561736736,0.0,0.0
dish_1550876055,95.0,94.90513
dish_1563551006,0.0,0.0
dish_1564415499,0.0,0.0
dish_1551488485,65.32331652306749,66.11521
dish_1566587662,19.344296749046634,18.313019
dish_1559062005,0.0,0.0
dish_1551392519,95.0,95.35033
dish_1568144612,18.04766898940332,17.899595
dish_1567612986,89.17965572137544,91.79098
dish_1563480476,57.32177510794106,56.509647
dish_1565637162,0.0,0.0
dish_1566246541,76.57362315153333,73.76198
dish_1561662842,60.88551297890265,60.19018
dish_1561147967,0.0,0.20922188
dish_1565207727,0.0,11.2507515
dish_1563476408,0.0,7.6720104
dish_1564518454,0.0,0.0
dish_1562873002,61.282215166062585,50.720932
dish_1565020822,76.26528307288504,76.11379
dish_1551491090,31.74761543020219,32.010033
dish_1559846363,0.0,0.0
dish_1551391337,95.0,95.27171
dish_1551493854,0.0,0.0
dish_1562958721,0.0,0.01155335
dish_1562961609,0.0,0.32580394
dish_1563294987,0.0,0.0
dish_1551304197,47.81389458502171,38.485817
dish_1551378179,0.0,0.85928696
dish_1565884766,95.0,94.9763
dish_1563294408,0.0,0.0
dish_1563812615,95.0,95.29188
dish_1566835641,95.0,95.14379
dish_1568060414,13.254427660491942,13.513792
dish_1551563511,8.285301349780326,8.502423
dish_1551235561,0.0,0.0
dish_1551391758,73.95667365986154,71.88926
dish_1550770222,18.04766898940332,17.899595
dish_1551564857,0.0,0.0
dish_1558376768,95.0,95.17106
dish_1551318504,13.229367302646551,13.300078
dish_1561996647,0.8482464135324079,3.947101
dish_1566849295,0.0,0.5278672
dish_1551137431,0.0,0.0
dish_1559844323,0.0,0.06353937
dish_1558029686,0.0,0.0
dish_1551491216,0.0,0.0
dish_1565382833,0.0,0.0
dish_1551313872,0.0,0.9024289
dish_1551563890,95.0,95.11325
dish_1551224175,22.418681536703886,22.135262
dish_1561741090,82.60424768067402,84.57294
dish_1562085132,0.0,0.0
dish_1551490544,0.0,0.0
dish_1551234214,7.633255783449258,8.063087
dish_1566587182,8.87162761841418,10.369624
dish_1550779153,18.04766898940332,17.899595
dish_1550792194,6.367234352162683,6.8130913
dish_1558382263,71.2576763710618,72.31016
dish_1550778401,7.633255783449258,8.063087
dish_1558114484,0.0,0.0
dish_1560798815,24.21199550203012,14.356422
dish_1551395909,16.377615842724794,16.62105
dish_1550875347,0.0,7.4459224
dish_1563378435,0.0,0.236186
dish_1560367698,0.0,6.707888
dish_1558379712,0.0,0.0
dish_1567612954,0.0,0.0
dish_1561663606,54.486601144837174,49.84786
dish_1558116436,0.0,0.0
dish_1561481673,0.0,3.7732031
dish_1567625294,0.0,0.0
dish_1557936645,5.752762941119556,6.369658
dish_1568313640,16.163637362520774,15.871018
dish_1563555563,47.14334350825277,47.01352
dish_1562875898,78.4247532030782,78.925705
dish_1551494058,0.0,0.0
dish_1566242111,6.76254233831169,8.86595
dish_1550771938,14.772353138321265,14.851266
dish_1559846585,0.0,0.0
dish_1551392376,23.86974662548083,23.574842
dish_1562686492,0.0,0.08504816
dish_1563997418,0.0,1.0945839
dish_1551318543,8.285301349780326,8.502423
dish_1565724552,11.389489905318314,10.053976
dish_1564415140,95.0,95.50856
dish_1565884738,95.0,93.883995
dish_1559239256,0.0,0.0
dish_1562168673,0.0,0.65139276
dish_1563302391,89.48860476452752,92.59661
dish_1558628711,0.0,0.0
dish_1560357297,0.0,0.0
dish_1550710758,0.0,0.0
dish_1564588820,95.0,95.26021
dish_1550713065,0.0,0.0
dish_1550777827,0.0,2.2380881
dish_1550793300,0.0,0.0
dish_1558722748,0.0,0.18387535
dish_1563898688,18.04766898940332,17.899595
dish_1565021965,95.0,95.26021
dish_1551134895,0.0,0.12616804
dish_1561663914,94.32127033524642,94.51909
dish_1550861520,0.0,0.86062604
dish_1551490670,0.0,0.0
dish_1561060613,92.18455077613733,94.50313
dish_1561575445,10.368586202409517,9.305844
dish_1550876619,5.752762941119556,6.3057637
dish_1563475874,6.92093511906495,7.59113
dish_1563379163,0.0,0.20096473
dish_1550862733,0.0,0.0
dish_1562010394,0.0,0.48136196
dish_1559593722,0.0,0.0
dish_1561480439,0.0,1.4243873
dish_1559674781,2.327008049483453,4.499592
dish_1566244863,13.772178886895588,13.6685095
dish_1560367676,0.0,0.0
dish_1550777418,0.0,0.0
dish_1551306375,0.0,0.0
dish_1565378680,0.0,0.0
dish_1565972429,84.16006197318286,86.08772
dish_1566230300,87.18612108476643,88.8805
dish_1562008394,7.633255783449258,8.063087
dish_1560445004,29.22656769418839,29.151203
dish_1559674074,0.0,0.0
dish_1564086709,0.0,0.36868656
dish_1551494095,49.35680269160323,49.634274
dish_1550785481,1.7723631616382818,3.2826712
dish_1566931116,13.229367302646551,13.300078
dish_1563468362,33.45526966825108,32.739574
dish_1566849955,7.057783558200697,7.911332
dish_1565117990,60.702426472983035,58.69456
dish_1558460138,6.993983525555564,7.5656977
dish_1562874203,6.323937761389985,7.98035
dish_1564675157,0.0,0.0
dish_1561737248,0.0,0.0
dish_1568666303,95.0,95.302925
dish_1562010130,0.0,0.09198799
dish_1550706766,95.0,95.23562
dish_1563302420,95.0,95.52327
dish_1551125436,14.927811029053032,15.011708
dish_1567023335,0.0,0.0
dish_1565727791,90.46503298465926,91.55163
dish_1564675060,5.150328776036659,5.7041736
dish_1551567170,0.0,0.75523925
dish_1551224928,0.0,0.0
dish_1551396309,0.0,0.02097454
dish_1563305083,78.95864162603533,77.356255
dish_1565034234,13.229367302646551,13.300078
dish_1551395022,49.35680891247465,49.634274
dish_1551138312,0.0,0.045306783
dish_1550769882,43.31269387508054,42.798206
dish_1562168365,0.0,0.0
dish_1566488905,0.0,0.0
dish_1566933180,12.40304696938081,20.337427
dish_1550785526,95.0,94.92241
dish_1551305410,0.0,0.12017916
dish_1561739649,12.18755376016756,12.473968
dish_1559238993,0.0,0.0
dish_1564686740,0.0,0.0
dish_1550797130,1.6950614040902252,4.733172
dish_1563307519,0.0,0.0
dish_1558116298,0.0,1.0629938
dish_1551493123,0.0,0.0
dish_1551233708,0.0,0.0
dish_1560454562,42.3160072765385,37.838676
dish_1560802730,54.99007220284931,52.95415
dish_1551225467,1.7723667960435279,3.2826712
dish_1551235699,95.0,94.56325
dish_1551303437,7.424229104278666,14.149312
dish_1551316878,0.0,0.23736523
dish_1567021799,0.0,0.14179106
dish_1559149615,0.0,0.0
dish_1551323866,95.0,94.94941
dish_1559332795,0.0,0.0
dish_1565195362,0.0,0.0
dish_1561740385,9.391775474232887,10.022859
dish_1560366963,6.993983525555564,7.5656977
dish_1563984835,45.41186561140192,38.18392
dish_1551488691,0.0,0.0
dish_1562010266,0.0,0.0
dish_1558638137,0.0,0.0
dish_1562691000,43.46456705882677,42.283577
dish_1551225281,0.0,0.0
dish_1561662926,81.08080787352091,78.72779
dish_1558633158,6.993983525555564,6.885171
dish_1558725085,4.559696052143096,5.61246
dish_1565799663,59.78786761364222,60.759983
dish_1565898402,1.7306307002870653,6.4074945
dish_1550793673,84.00124445225615,88.89542
dish_1550772199,0.0,0.09228139
dish_1566851677,0.0,3.027093
dish_1565033189,95.0,95.15649
dish_1558458903,0.0,0.0
dish_1561666875,40.23997901098467,41.345448
dish_1560370833,0.0,0.0
dish_1563389742,95.0,94.97131
dish_1550712369,49.35680269160323,49.634274
dish_1561576449,13.229367302646551,13.300078
dish_1550772701,0.0,0.1393594
dish_1565972384,95.0,95.38394
dish_1564588889,80.97172468599891,80.910034
dish_1561577701,95.0,95.42151
dish_1567024112,0.0,0.0
dish_1551321793,0.0,0.14622834
dish_1568314857,0.0,0.0
dish_1557862829,22.523681926039515,21.914967
dish_1551306691,10.302213957281026,13.188431
dish_1551375596,95.0,94.94941
dish_1551316737,0.0,0.12017916
dish_1565641915,0.0,0.0
dish_1551493916,0.0,0.0
dish_1568217267,0.0,0.0
dish_1558722398,0.0,0.0
dish_1559061752,0.0,0.0
dish_1560889008,6.921139457525612,7.092035
dish_1565724588,12.485984226487432,12.247146
dish_1558640039,6.993983525555564,6.885171
dish_1551487472,0.0,3.4673586
dish_1563824304,9.825841001624113,9.874694
dish_1558028194,54.87187701244332,60.391582
dish_1563566939,0.0,0.0
dish_1561404485,3.665956572347838,4.8420043
dish_1562086564,47.44998758807879,44.096
dish_1563221054,0.0,0.0
dish_1560975628,79.70576113599353,68.077065
dish_1561749750,95.0,95.607185
dish_1563221157,95.0,96.104256
dish_1558636544,0.0,0.0
dish_1560802092,95.0,95.717125
dish_1564170141,7.175344026295335,7.9422092
dish_1566333255,52.04576554203853,52.32358
dish_1551375783,95.0,95.600845
dish_1560455263,95.0,96.246124
dish_1561752509,50.70028065745102,50.275776
dish_1563568319,0.0,0.0
dish_1562947020,0.0,0.0
dish_1562777566,0.0,0.0
dish_1558115825,0.0,0.0
dish_1558030910,0.0,0.0
dish_1564675193,76.921164860909,77.5274
dish_1566414291,0.0,0.07018347
dish_1551235946,16.377615842724794,16.616047
dish_1561493975,0.0,0.14179106
dish_1551373253,0.0,0.0
dish_1560369294,53.35774852928085,44.54136
dish_1551137277,0.0,0.0
dish_1566587714,95.0,95.54963
dish_1563381461,0.0,0.0
dish_1551228669,12.25370423727641,15.022351
dish_1563897981,0.0,0.0
dish_1562702892,5.679754563549082,12.895344
dish_1558640373,6.443774590161738,6.8184586
dish_1560443565,0.0,0.0
dish_1558030971,4.559696052143096,5.61246
dish_1551494035,0.0,0.0
dish_1550705580,49.356799989608746,49.634274
dish_1561575908,0.0,0.0
dish_1563909550,0.0,0.13541386
dish_1567022114,6.993983525555564,7.5656977
dish_1560453356,95.0,95.85028
dish_1558723475,6.367234352162683,6.8130913
dish_1563305982,95.0,95.90797
dish_1550862399,0.0,0.0
dish_1551134987,0.0,0.0
dish_1551374712,13.229367302646551,13.300078
dish_1562690950,0.0,0.0
dish_1550797692,0.0,0.0
dish_1568147044,0.0,0.0
dish_1564514906,11.022021951362632,11.232238
dish_1558373352,0.0,0.0
dish_1562179966,0.0,0.0
dish_1551233095,24.4417981085669,24.643078
dish_1562700568,81.27121918629923,85.397995
dish_1558639949,6.367234352162683,6.8130913
dish_1564686966,0.0,0.0
dish_1563294547,0.0,0.0
dish_1568141871,0.0,0.0
dish_1563382911,0.0,0.0
dish_1561662054,32.79379538048953,33.933758
dish_1560455030,7.172695491222939,7.60897
dish_1561575474,11.99509533587721,12.275651
dish_1565972591,0.0,0.0
dish_1550876012,95.0,94.82596
dish_1563381680,0.0,0.0
dish_1562611680,37.176680453547654,47.91846
dish_1568144828,6.835535167880494,7.629615
dish_1550708440,0.0,0.0
dish_1551307090,0.0,0.0
dish_1560453174,74.54885399428491,75.10545
dish_1551226363,18.04766898940332,18.118275
dish_1558549773,22.523681926039515,21.806005
dish_1563822597,17.48362797143919,17.095358
dish_1551489812,0.0,0.0
dish_1566417516,49.04080626467734,44.467743
dish_1563996485,15.37544704006325,15.46585
dish_1563998210,51.40371527746495,51.254627
dish_1558459115,0.0,0.0
dish_1564082178,56.04539082809889,53.689587
dish_1558723777,0.0,0.0
dish_1562873028,61.266686827089586,52.40322
dish_1558115867,0.0,0.0
dish_1561580370,0.0,2.8548672
dish_1566502211,25.42969961734312,25.593016
dish_1551563213,80.9214032989778,81.11785
dish_1550775318,0.0,0.00037997344
dish_1565383026,9.542909625311765,10.289024
dish_1558642089,6.993983525555564,6.8006415
dish_1558723866,13.229367302646551,13.465346
dish_1551380950,0.0,0.0
dish_1559319860,0.0,0.0
dish_1559242568,0.0,0.0
dish_1563824339,8.942700033576173,8.707357
dish_1562094621,13.229367302646551,13.47876
dish_1550707156,0.0,0.0
dish_1560527191,0.0,0.029213969
dish_1558546663,0.0,0.0
dish_1551393210,0.0,0.0
dish_1568314823,0.0,0.0
dish_1563468299,21.876093469513208,21.124884
dish_1551323574,0.0,0.3416771
dish_1551491271,69.5101727436982,69.93236
dish_1558723414,0.0,0.0
dish_1562691674,64.29308192038201,64.061424
dish_1562602860,33.564392133719586,32.98515
dish_1568217372,0.0,0.0
dish_1563395480,95.0,95.97838
dish_1558719994,0.0,0.0
dish_1562960520,68.2753888611344,64.91998
dish_1566488928,0.0,0.0
dish_1558031302,0.0,0.0
dish_1563910171,81.5105870368395,77.06459
dish_1551392590,24.4417981085669,24.525833
dish_1558116201,0.0,0.0
dish_1550777469,0.0,0.04788416
dish_1562008813,9.389628989964223,9.055671
dish_1551391710,0.0,0.0
dish_1568061202,0.0,2.0465035
dish_1562785132,2.9535657093767895,6.9448557
dish_1559233102,0.0,0.20106365
dish_1558639787,13.229367302646551,13.465346
dish_1567542876,0.0,0.0
dish_1561577573,0.0,0.0
dish_1550776957,0.0,0.0
dish_1551395800,0.0,0.0
dish_1558115011,0.0,0.0
dish_1565638323,6.899146563842109,7.5500216
dish_1550773394,14.772353138321265,14.830126
dish_1566416421,26.944158407799122,24.86069
dish_1561661347,19.744871633515572,18.612482
dish_1566931586,95.0,95.54797
dish_1551493723,0.0,0.0
dish_1563908923,25.429695407630675,25.593016
dish_1551318068,0.0,0.13458276
dish_1561061687,95.0,96.311485
dish_1558115448,0.0,0.0
dish_1551228830,0.0,0.0
dish_1561575613,0.0,0.0
dish_1566245437,84.47253736656208,81.699036
dish_1550706583,49.35680623461601,49.520008
dish_1558639335,0.0,0.0
dish_1563382953,6.437900623339473,3.6466608
dish_1550710342,95.0,95.22395
dish_1558725403,0.0,0.0
dish_1550710715,0.0,0.0
dish_1551303476,5.8890961357740395,20.337717
dish_1550776767,0.0,0.0
dish_1551141628,0.0,0.0
dish_1551123986,5.752762941119556,6.36639
dish_1550788827,1.7723579696316705,3.1813118
dish_1558628921,6.993983525555564,6.8006415
dish_1561662814,0.0,2.59602
dish_1560366438,13.97111287936832,15.101206
dish_1566931140,13.66510654560659,14.228325
dish_1560360112,0.0,0.0
dish_1550788264,0.0,0.0
dish_1562611853,20.088305452503775,16.934776
dish_1551374560,0.0,0.0
dish_1560369146,53.36617928100576,57.470757
dish_1562783691,95.0,94.87021
dish_1565023128,0.0,0.0
dish_1559158354,18.04766898940332,18.118275
dish_1562007842,14.752396801623092,16.011759
dish_1561580431,86.8317363747251,88.94286
dish_1562788010,12.016979336117913,11.430934
dish_1562702853,0.0,0.034696206
dish_1565627751,0.0,0.0
dish_1562861174,5.363328391429661,5.769626
dish_1567785165,0.0,0.0
dish_1551567604,0.0,0.0
dish_1564083459,0.0,0.0
dish_1558637865,0.0,0.0
dish_1563997327,0.0,0.0
dish_1566934120,41.78094904433689,39.11665
dish_1563910639,57.32175841184336,56.417896
dish_1559244649,0.0,4.6374116
dish_1563998513,93.0387168771768,94.13053
dish_1551142128,0.0,0.0
dish_1562170356,0.0,0.8153625
dish_1562963517,13.090651415124867,12.289391
dish_1551376892,0.0,0.0
dish_1561492161,0.0,0.32808664
dish_1562691064,0.0,2.5268607
dish_1562777000,0.0,0.20106365
dish_1563220109,0.0,3.647298
dish_1562096542,13.87019313351874,14.221586
dish_1562961588,0.0,0.0
dish_1563823860,12.05294694586263,11.58672
dish_1565640601,95.0,96.481094
dish_1561753275,89.7428048512988,92.20349
dish_1550875968,6.367234352162683,6.9448395
dish_1564170071,8.285301349780326,8.422723
dish_1561667430,0.0,0.9521117
dish_1550771387,3.529134307148283,6.380591
dish_1565032680,0.0,0.11015657
dish_1561134128,0.054586878357170576,3.8217618
dish_1558550218,0.0,0.0
dish_1562963006,11.87300664993596,10.773219
dish_1550795361,0.0,0.0
dish_1560541760,94.90000128500098,95.45987
dish_1551313896,0.0,0.0
dish_1564687090,62.46300404156119,66.24858
dish_1565725244,95.0,95.85926
dish_1563302447,91.44559028239122,93.65927
dish_1562872150,24.4417981085669,24.525833
dish_1566246415,16.377615842724794,16.433271
dish_1550796686,0.0,0.0
dish_1562613403,56.318309363648495,54.095367
dish_1551389387,0.0,0.0
dish_1563391708,0.0,0.0
dish_1563378660,0.0,0.0
dish_1551236550,0.0,0.0
dish_1563566810,0.0,0.0
dish_1561148042,16.746034411773053,25.90825
dish_1562614895,18.04766898940332,18.118275
dish_1568313487,16.377615842724794,16.433271
dish_1568143612,13.492206573099253,12.950735
dish_1566590007,12.55008515156183,14.60021
dish_1566844850,50.489401130450354,50.19292
dish_1561752481,0.0,2.762532
dish_1551233610,0.0,0.103488944
dish_1550876969,0.0,0.0
dish_1550788591,49.127500453328054,46.236317
dish_1550796731,6.367234352162683,6.9448395
dish_1558468401,0.0,0.0
dish_1560798785,19.920391928801138,15.761329
dish_1565379377,95.0,95.42822
dish_1565725123,95.0,95.467606
dish_1550705786,0.0,0.00037997344
dish_1551378449,0.0,0.10613578
dish_1564160161,0.0,0.0
dish_1565207896,70.27598029212885,72.22196
dish_1560788338,95.0,95.13105
dish_1550710542,29.016140072315523,28.306187
dish_1558115364,12.206627287817838,12.603619
dish_1563811662,64.80679590451771,63.669678
dish_1563478751,0.41592937399883567,4.9336486
dish_1561148021,0.0,8.129355
dish_1558381860,0.0,0.0
dish_1568315988,95.0,95.384384
dish_1551122614,27.465101986435812,27.556648
dish_1558723073,6.993983525555564,7.4842777
dish_1550713174,0.0,0.0
dish_1564685450,0.0,0.28391463
dish_1551226013,27.465101986435812,27.556648
dish_1565023182,0.0,0.0
dish_1551236657,24.4417981085669,24.525833
dish_1558027057,0.0,0.0
dish_1551490433,16.377615842724794,16.438274
dish_1560887457,0.0,0.0
dish_1567625343,10.783871884924238,10.678705
dish_1568405430,0.0,0.0
dish_1558468589,24.4417981085669,24.525833
dish_1558468435,18.04766898940332,18.118275
dish_1551564543,0.0,0.0
dish_1566931650,83.60573005185616,81.59367
dish_1551318377,0.0,0.0
dish_1566230222,95.0,95.343605
dish_1551221801,1.7723579696316705,3.1813118
dish_1561666640,0.0,0.0
dish_1561665706,0.0,0.0
dish_1558636028,0.0,0.1868569
dish_1564685229,0.0,0.0
dish_1566587102,68.0471903256639,66.881805
dish_1551225714,0.0,0.06792932
dish_1562603536,0.0,0.0
dish_1564170098,7.35500278066111,8.442767
dish_1563910276,57.32177630733115,56.417896
dish_1558722322,6.993983525555564,6.8006415
dish_1566419546,0.0,0.0
dish_1561580322,28.541276008890094,28.2622
dish_1563480534,77.21260424395312,74.08643
dish_1566501153,0.0,0.0
dish_1562008936,25.429695407630675,25.593016
dish_1550791822,0.0,0.08824365
dish_1551135590,14.772353138321265,14.830126
dish_1560801041,0.0,3.0984898
dish_1563897047,95.0,95.343605
dish_1550772314,37.05541461594676,35.273914
dish_1558381084,0.0,0.0
dish_1551564221,0.0,0.0
dish_1550773949,0.0,0.0
dish_1551492732,0.0,0.0
dish_1566500988,12.433418781841382,11.461088
dish_1565119439,0.0,0.0
dish_1564775147,0.0,0.5663586
dish_1568217325,0.0,0.0
dish_1565640868,95.0,95.707695
dish_1551373181,0.0,0.0
dish_1558114937,16.377615842724794,16.433271
dish_1558379182,0.0,0.0
dish_1563389413,18.04766898940332,18.118275
dish_1561579673,48.37687462915945,45.73874
dish_1551226101,0.0,0.0
dish_1568132601,3.3743179829180434,3.8685942
dish_1558628956,64.50697964008373,64.143265
dish_1567537422,11.81543209241471,12.294533
dish_1561579576,10.092011906951186,9.330362
dish_1551377094,0.0,0.0
dish_1563827482,17.823228229339378,18.77182
dish_1551322577,0.0,0.0
dish_1551390802,0.0,0.0
dish_1550785404,6.993983525555564,6.8006415
dish_1558630737,13.229367302646551,13.465346
dish_1568405499,66.46254567473889,64.0056
dish_1563216659,95.0,95.28057
dish_1558723568,0.0,0.0
dish_1558026623,4.559696052143096,5.7582235
dish_1562008429,44.26972193499772,45.984993
dish_1565637578,82.01191258786147,64.19681
dish_1561578898,0.0,0.0
dish_1561404956,95.0,94.91243
dish_1558638844,0.0,0.0
dish_1558379273,0.0,0.0
dish_1551142547,76.41022592062147,62.196415
dish_1563900205,37.36187811514408,37.102497
dish_1561580278,25.429695407630675,25.593016
dish_1550707357,0.0,0.3416771
dish_1566316612,0.0,0.0
dish_1562945499,29.12906316556277,29.839632
dish_1560368162,9.938858235087409,9.308437
dish_1565031283,0.0,0.0
dish_1551565720,88.13501426961454,91.75838
dish_1550777713,6.367234352162683,6.9448395
dish_1559232986,0.0,0.0
dish_1561578188,10.351888858125307,9.486396
dish_1551136396,50.297108523168106,55.271004
dish_1551222833,0.0,0.0
dish_1562690886,17.55200388280656,17.78342
dish_1551395766,0.0,0.0
dish_1560543625,95.0,95.74132
dish_1559932674,0.0,0.0
dish_1566931620,95.0,95.378265
dish_1551493311,0.0,0.50755423
dish_1550711314,23.24917928784774,18.14817
dish_1551303285,0.0,0.08824365
dish_1561491180,48.67233912436249,43.559486
dish_1558725702,27.465101986435812,27.556648
dish_1562789240,0.0,0.18077335
dish_1550863078,0.0,0.0
dish_1560455380,16.705578244168464,17.421373
dish_1563897395,0.0,0.4458632
dish_1565382733,0.0,0.0
dish_1550708327,25.859945305651593,26.299845
dish_1563221443,0.0,0.0
dish_1562875211,0.0,0.44763017
dish_1561492519,0.0,3.516472
dish_1561997248,0.0,0.0
dish_1558723719,0.0,0.0
dish_1550771191,0.0,0.0
dish_1562691566,67.62568124501476,69.68658
dish_1563909507,14.109706387949487,13.772044
dish_1566414723,60.62267798407237,59.005863
dish_1564589025,0.0,0.0
dish_1563822636,95.0,95.60122
dish_1558115512,0.0,0.0
dish_1564588533,29.781299594581014,28.160395
dish_1558544427,0.0,0.0
dish_1564601569,4.791759260012498,5.973856
dish_1561480414,0.0,3.950116
dish_1561407208,60.94427364336214,60.370632
dish_1564589308,0.0,0.0
dish_1558379391,0.0,0.7953851
dish_1550707056,0.0,0.0
dish_1551395396,16.377615842724794,16.438274
dish_1563897369,0.0,0.0
dish_1551565096,64.661896612182,45.039032
dish_1551324180,13.229367302646551,13.465346
dish_1550711688,7.633255783449258,7.8246536
dish_1563908996,95.0,95.45901
dish_1565035830,95.0,95.567276
dish_1551224380,0.0,0.0
dish_1565898590,67.06783902156704,69.0954
dish_1558718974,0.0,0.0
dish_1551494147,0.0,0.0
dish_1551223394,0.0,0.0
dish_1550774895,0.0,0.0
dish_1550861458,0.0,0.877955
dish_1566590987,30.915878094010623,38.67103
dish_1567110665,53.289231529163565,51.58571
dish_1559925174,0.0,0.0
dish_1550874829,0.0,0.0
dish_1550713423,7.633255783449258,7.8246536
dish_1567019993,26.92909560356881,27.16789
dish_1565811335,19.633489487709113,19.35811
dish_1563221086,71.82617592357904,69.07074
dish_1551565068,64.66188557180564,45.039032
dish_1551392884,0.0,0.13458276
dish_1565036922,0.0,4.3600984
dish_1563220802,95.0,95.29305
dish_1562691613,19.15080912893302,12.564074
dish_1559843222,0.0,0.0
dish_1560455421,39.242836656293235,48.747704
dish_1562959517,0.0,0.0
dish_1566413321,22.523681926039515,21.806005
dish_1561746876,0.0,0.6270631
dish_1562788732,2.9535739799995184,6.9448557
dish_1568060542,80.19354948352608,72.48666
dish_1566402095,95.0,94.82115
dish_1566501012,5.968485119113694,8.295191
dish_1550773284,0.0,0.0
dish_1562945779,0.0,0.0
dish_1566317775,0.0,1.1924006
dish_1558115915,0.0,0.0
dish_1558719298,0.0,0.0
dish_1550791214,22.076091895133374,26.072315
dish_1559589902,21.958001577556047,20.723295
dish_1567525681,0.0,0.060341604
dish_1565898361,0.0,0.303126
dish_1560529825,0.0,0.0
dish_1562774504,0.0,0.2711919
dish_1562872945,48.60654582122314,37.691265
dish_1563996509,95.0,95.363014
dish_1561999287,17.552013742305718,17.78342
dish_1562700496,13.229367302646551,13.465346
dish_1559846034,18.04766898940332,18.118275
dish_1551233403,16.56515162448791,16.991549
dish_1562086740,0.0,0.0
dish_1561574974,7.506909144122204,7.683223
dish_1551379045,13.654453041171934,12.121363
dish_1562945900,0.0,0.0
dish_1561576212,0.0,0.0
dish_1551566464,13.229367302646551,13.465346
dish_1563218031,95.0,96.35209
dish_1563823814,5.699676455848319,6.239393
dish_1560444914,4.82865638334458,5.702692
dish_1551221892,55.554481090328785,44.909195
dish_1566591048,0.0,3.1614947
dish_1565107066,0.0,0.20106365
dish_1561481577,0.0,0.0
dish_1561737839,0.0,0.0
dish_1550796152,0.0,0.0
dish_1561405887,36.87074207592368,40.79247
dish_1551381249,8.285301349780326,8.422723
dish_1559845637,0.0,0.0
dish_1558372695,0.0,0.0
dish_1558373074,95.0,95.254456
dish_1559849053,0.0,0.0
dish_1550795331,0.0,0.0
dish_1568401199,81.56963705975728,79.740295
dish_1566332116,10.09522617226989,10.4517765
dish_1551382115,0.0,0.08824365
dish_1550774244,0.0,0.0
dish_1565972363,95.0,95.343605
dish_1559319902,0.0,0.0
dish_1563996464,15.303504570123536,15.89388
dish_1561663990,56.04539057311178,53.689587
dish_1550710664,7.633255783449258,7.8246536
dish_1562774159,0.0,0.0
dish_1560527950,5.150328776036659,5.9322844
dish_1561062286,2.2750346457184776,7.047059
dish_1551392752,0.0,0.7108149
dish_1551228715,12.25370423727641,18.093948
dish_1551566083,0.0,0.0
dish_1551133870,6.367234352162683,6.9448395
dish_1562862550,21.946911307503854,10.176853
dish_1562687527,11.87152502420794,10.155582
dish_1565727765,17.849040311957836,16.91493
dish_1561404438,0.0,0.0
dish_1551323662,95.0,95.13132
dish_1551563925,69.51016997947956,69.93236
dish_1550772270,37.05541461594676,35.273914
dish_1551399449,0.0,0.057901006
dish_1560455224,0.0,1.798712
dish_1558641211,6.993983525555564,6.8006415
dish_1567107049,0.0,0.0
dish_1567537457,29.385664610328405,25.972685
dish_1563305321,6.921133398086454,6.9439754
dish_1558630600,0.0,0.0
dish_1566328894,0.0,0.0
dish_1550712622,0.0,0.0
dish_1567022147,10.070420733589415,9.272937
dish_1559841023,0.0,0.0
dish_1567542914,0.0,0.0
dish_1566931674,0.0,0.0
dish_1560270630,0.0,0.0
dish_1565898723,95.0,95.28249
dish_1551393069,0.0,0.08824365
dish_1561997900,0.0,0.0
dish_1550771606,0.0,0.00037997344
dish_1565107119,95.0,95.5452
dish_1565020755,0.0,0.0
dish_1565119642,19.344296749046634,18.703287
dish_1562950018,0.0,0.0
dish_1551493159,0.0,0.0
dish_1567801748,0.0,0.0
dish_1559844063,0.0,0.0
dish_1559848857,0.0,0.0
dish_1561407312,75.7308519526207,69.53548
dish_1562009894,0.0,0.0
dish_1568048053,0.0,0.0
dish_1558115282,95.0,95.254456
dish_1551235669,0.0,0.0
dish_1559158425,22.52368192603953,21.806005
dish_1551221853,13.229367302646551,13.465346
dish_1550793192,0.0,0.0
dish_1560975491,25.429695407630675,25.593016
dish_1563813360,0.0,0.4422623
dish_1551317589,0.0,0.7108149
dish_1550861670,0.0,0.20106365
dish_1550779336,0.0,0.29402182
dish_1551319895,0.0,0.0
dish_1559240875,0.0,0.0
dish_1567785622,0.0,0.0
dish_1565809033,95.0,95.27486
dish_1568233403,16.377615842724794,16.433271
dish_1562785159,48.39998303887279,45.78338
dish_1560455179,9.438877335115848,9.725423
dish_1558637351,0.0,0.0
dish_1565118096,95.0,94.07171
dish_1551235759,95.0,94.4996
dish_1550774815,0.0,0.0
dish_1562690144,0.0,0.0
dish_1558461760,6.993983525555564,7.4842777
dish_1559751744,83.92944263442338,80.87088
dish_1550706237,0.0,0.0
dish_1563206409,0.0,0.0
dish_1565031338,49.88425769164818,49.061916
dish_1565382969,22.52368192603953,21.806005
dish_1560366998,5.319275916938324,6.210349
dish_1565896745,0.0,1.6611427
dish_1550862908,0.0,0.0
dish_1551564423,6.993983525555564,6.8006415
dish_1560526472,0.0,1.5488435
dish_1550712877,0.0,0.0
dish_1559844928,0.0,0.0
dish_1561480460,50.67697545220705,49.95152
dish_1551222527,13.229367302646551,13.465346
dish_1562602627,0.0,0.0
dish_1562788536,0.0,0.0
dish_1558113255,6.367234352162683,6.9448395
dish_1550873434,49.35680462999063,49.520008
dish_1565811025,87.67065271518968,87.80054
dish_1566851584,0.0,9.236288
dish_1565020926,14.138161681509317,10.842288
dish_1562173411,0.0,0.0
dish_1559590130,91.02201452209084,92.152275
dish_1568047973,39.420982321813995,31.064438
dish_1565034681,0.0,0.0
dish_1565627800,93.3176111330597,93.5321
dish_1551379408,69.49470069399514,69.23501
dish_1562086037,0.0,0.0
dish_1550777256,0.0,0.0
dish_1551324331,95.0,95.24621
dish_1558639673,6.993983525555564,7.4842777
dish_1551567106,0.0,0.00037997344
dish_1564073641,0.0,0.0
dish_1560874751,0.0,0.14500679
dish_1565981898,36.418873076598715,36.53328
dish_1551304456,0.0,0.04788416
dish_1558641358,13.229367302646551,13.465346
dish_1558724853,27.465101986435798,27.556648
dish_1562008476,95.0,95.66917
dish_1550797094,18.04766898940332,18.118275
dish_1551234288,15.603132121891207,15.381782
dish_1564689138,0.0,0.0
dish_1563897938,0.0,0.0
dish_1562686548,21.116594206202976,15.805512
dish_1568229399,0.0,0.32808664
dish_1550859356,0.0,0.0
dish_1550862495,5.752762941119556,6.36639
dish_1560453150,0.0,3.6611354
dish_1561749778,95.0,95.71032
dish_1551563723,0.0,0.0
dish_1565383159,0.0,0.87836176
dish_1551375715,6.367234352162683,6.9448395
dish_1561575192,14.499566775324823,15.160638
dish_1565207694,76.04958877565328,73.012215
dish_1560444637,0.0,0.0
dish_1558641253,0.0,0.0
dish_1559235771,0.0,0.0
dish_1562700593,64.67076483469233,66.26909
dish_1565382762,0.0,0.25716043
dish_1550712459,0.0,15.782233
dish_1550777025,0.0,0.0
dish_1565208611,26.045138867444052,26.21304
dish_1551390528,13.229367302646551,13.465346
dish_1558380058,0.0,0.0
dish_1550793023,6.367234352162683,6.9448395
dish_1551228478,0.0,0.16581991
dish_1550781280,18.04766898940332,18.118275
dish_1567108037,0.0,0.0
dish_1550778646,0.0,0.0
dish_1558630450,0.0,0.0
dish_1563827188,95.0,96.182465
dish_1568305198,0.0,0.0
dish_1562875159,0.0,0.0
dish_1551224283,13.229367302646551,13.465346
dish_1558116547,95.0,95.254456
dish_1566501067,28.213493948566963,29.67066
dish_1558639979,0.0,0.0
dish_1560529804,5.150328776036659,5.9322844
dish_1551394835,0.0,0.0
dish_1551493680,0.0,0.0
dish_1565726949,74.81494956927965,73.067856
dish_1563218987,0.0,0.0
dish_1551134622,0.0,0.0
dish_1551232686,69.51016580494542,69.93236
dish_1564170283,0.0,0.8372153
dish_1565728494,0.0,0.0
dish_1558380152,95.0,95.254456
dish_1564082212,47.96612757057267,49.079628
dish_1551566642,6.993983525555564,6.8006415
dish_1562614088,18.04766898940332,18.118275
dish_1563222850,36.14815977137627,39.17753
dish_1564775216,0.0,2.6752322
dish_1558630176,0.0,0.0
dish_1565194781,81.3684010375051,80.41612
dish_1568404850,0.0,0.0
dish_1563391333,6.916807601167619,7.3687973
dish_1568666263,15.25460296147888,15.324635
dish_1567107989,0.0,4.199924
dish_1551399340,0.0,0.13458276
dish_1565638365,12.064498221343001,11.545559
dish_1550793245,0.0,0.0
dish_1551399402,0.0,0.04788416
dish_1551565168,13.229367302646551,13.465346
dish_1566589933,95.0,95.384384
dish_1562617370,0.0,0.0
dish_1562788760,0.0,0.0
dish_1561662532,0.0,2.46422
dish_1551125258,27.465101986435812,27.556648
dish_1561577848,51.403735897408595,51.254627
dish_1551395194,95.0,95.01033
dish_1566244964,78.21105064626876,78.91159
dish_1559841127,81.97349106999553,81.44151
dish_1551564053,81.92299983595746,81.08303
dish_1561576652,9.576888724407482,9.199083
dish_1551390872,0.0,0.67986774
dish_1559667948,0.0,0.0
dish_1561567086,0.0,0.0
dish_1551123072,6.367234352162683,6.9448395
dish_1563303386,94.0526301797585,95.576645
dish_1567525744,0.0,2.1070578
dish_1564590226,0.0,0.0
dish_1550706096,14.772353138321265,14.830126
dish_1559243139,6.921131797480086,6.9978986
dish_1550712585,14.772353138321265,14.830126
dish_1562702091,9.809343022830845,9.17621
dish_1563304881,48.65883715291491,49.23811
dish_1565641844,0.0,0.0
dish_1562700931,10.874989086816129,11.284063
dish_1558724766,0.0,0.0
dish_1551225541,27.38693205274221,29.62888
dish_1561576737,93.61813458694348,94.55632
dish_1550712486,0.0,15.782233
dish_1551304571,0.0,0.20106365
dish_1563465805,0.0,0.0
dish_1560888849,55.95479671075636,53.43207
dish_1550771330,0.0,0.20106365
dish_1551321757,0.0,0.0
dish_1558031526,0.0,0.0
dish_1561580406,93.05532749620633,92.75719
dish_1551223023,0.0,0.24442801
dish_1551139325,70.24904019743036,71.97728
dish_1562862529,57.09321414179828,59.77186
dish_1560961059,0.0,0.0
dish_1566333118,0.0,0.0
dish_1559849020,0.0,0.0
dish_1562690112,0.0,0.0
dish_1551235270,0.0,0.0
dish_1566835701,80.63381680675477,79.200554
dish_1563294465,0.0,0.030121708
dish_1563216381,18.04766898940332,18.118275
dish_1561654756,73.08038599325434,73.73587
dish_1560801020,0.0,2.7467058
dish_1551392347,0.0,0.0
dish_1565812186,95.0,95.12841
dish_1551377209,95.0,95.310616
dish_1551378018,16.377615842724794,16.438274
dish_1566331868,82.00825391934214,67.66574
dish_1566245365,0.0,0.0
dish_1566849862,0.0,0.0
dish_1551565529,69.62140411298634,72.04647
dish_1551566753,95.0,94.95003
dish_1563565805,33.99814527225185,33.733162
dish_1566329257,54.471272000733194,55.716396
dish_1563295360,0.0,0.21418461
dish_1563378073,58.84701895421783,59.637154
dish_1550874079,1.7723658907703879,3.1813118
dish_1560539396,61.179447827358075,57.064747
dish_1561060558,7.648173801693332,6.0834694
dish_1551563337,0.0,0.0
dish_1551488103,6.993983525555564,6.8006415
dish_1558640882,6.367234352162683,6.9448395
dish_1558638163,6.993983525555564,6.8006415
dish_1558630867,0.0,0.0
dish_1566415591,51.86768983873118,50.156654
dish_1559061675,5.150328776036659,5.9322844
dish_1551486571,0.0,0.13458276
dish_1550778172,44.12583760599378,42.595192
dish_1563898880,0.0,1.2498773
dish_1551122795,0.0,0.3416771
dish_1551566524,95.0,95.084656
dish_1562689519,95.0,95.35197
dish_1558639588,0.0,0.0
dish_1563307488,0.0,0.0
dish_1566419603,0.0,0.43601552
dish_1550772367,0.0,0.0
dish_1558031237,6.367234352162683,6.9448395
dish_1559157919,0.0,2.2605085
dish_1551381877,0.0,0.0
dish_1551136814,0.0,1.1754881
dish_1565896701,0.0,0.23280372
dish_1558641391,6.367234352162683,6.9448395
dish_1551492056,58.684264320690644,56.985245
dish_1566332154,95.0,95.434235
dish_1563824092,8.090629917851388,7.845695
dish_1550711244,0.0,0.32129034
dish_1558630814,0.0,0.0
dish_1551323487,95.0,95.01033
dish_1558720335,6.367234352162683,6.9448395
dish_1564590254,0.0,0.0
dish_1565711183,95.0,95.45602
dish_1551490503,0.0,0.0
dish_1551318673,14.360531234086679,14.148951
dish_1563909580,0.0,0.0
dish_1566838317,0.0,2.6311293
dish_1564083480,0.0,0.0
dish_1551384080,0.0,0.0
dish_1567785709,0.0,2.1091518
dish_1559934708,95.0,95.50905
dish_1551237321,19.399599250508345,19.639078
dish_1559674866,10.378358293203135,9.113185
dish_1551222068,7.633255783449258,7.8246536
dish_1551314390,0.0,0.0
dish_1563378690,0.0,0.0
dish_1562784388,0.0,0.0
dish_1560270537,0.0,0.0
dish_1551134138,36.80971281010352,34.831196
dish_1562785184,77.17686883984004,72.83727
dish_1562008738,14.459568718647049,14.945291
dish_1566328745,76.64477983323454,72.36983
dish_1561740353,6.263506047674198,8.175574
dish_1550708702,0.0,0.20202081
dish_1561736736,0.0,0.0
dish_1550876055,95.0,94.82596
dish_1563551006,0.0,0.0
dish_1564415499,0.0,0.0
dish_1551488485,65.32331652306749,66.69839
dish_1566587662,19.344296749046634,18.703287
dish_1559062005,0.0,0.0
dish_1551392519,95.0,95.384384
dish_1568144612,18.04766898940332,18.118275
dish_1567612986,89.17965572137544,91.74573
dish_1563480476,57.32177510794106,56.417896
dish_1565637162,0.0,0.0
dish_1566246541,76.57362315153333,73.810005
dish_1561662842,60.88551297890265,60.384926
dish_1561147967,0.0,0.27636245
dish_1565207727,0.0,11.25854
dish_1563476408,0.0,7.4603343
dish_1564518454,0.0,0.0
dish_1562873002,61.282215166062585,51.82901
dish_1565020822,76.26528307288504,75.83087
dish_1551491090,31.74761543020219,32.207245
dish_1559846363,0.0,0.0
dish_1551391337,95.0,95.2305
dish_1551493854,0.0,0.0
dish_1562958721,0.0,0.0
dish_1562961609,0.0,0.27921996
dish_1563294987,0.0,0.0
dish_1551304197,47.81389458502171,39.49349
dish_1551378179,0.0,0.63822186
dish_1565884766,95.0,94.95617
dish_1563294408,0.0,0.0
dish_1563812615,95.0,95.33884
dish_1566835641,95.0,95.10258
dish_1568060414,13.254427660491942,13.576516
dish_1551563511,8.285301349780326,8.422723
dish_1551235561,0.0,0.0
dish_1551391758,73.95667365986154,71.98062
dish_1550770222,18.04766898940332,18.118275
dish_1551564857,0.0,0.0
dish_1558376768,95.0,95.254456
dish_1551318504,13.229367302646551,13.465346
dish_1561996647,0.8482464135324079,3.7762318
dish_1566849295,0.0,0.4522267
dish_1551137431,0.0,0.0
dish_1559844323,0.0,0.037725843
dish_1558029686,0.0,0.0
dish_1551491216,0.0,0.20106365
dish_1565382833,0.0,0.0
dish_1551313872,0.0,0.7108149
dish_1551563890,95.0,95.13526
dish_1551224175,22.418681536703886,22.280428
dish_1561741090,82.60424768067402,84.71547
dish_1562085132,0.0,0.0
dish_1551490544,0.0,0.0
dish_1551234214,7.633255783449258,7.8246536
dish_1566587182,8.87162761841418,10.313641
dish_1550779153,18.04766898940332,18.118275
dish_1550792194,6.367234352162683,6.9448395
dish_1558382263,71.2576763710618,72.00627
dish_1550778401,7.633255783449258,7.8246536
dish_1558114484,0.0,0.0
dish_1560798815,24.21199550203012,15.88058
dish_1551395909,16.377615842724794,16.438274
dish_1550875347,0.0,7.830366
dish_1563378435,0.0,0.18756862
dish_1560367698,0.0,6.783194
dish_1558379712,0.0,0.0
dish_1567612954,0.0,0.0
dish_1561663606,54.486601144837174,49.69479
dish_1558116436,0.0,0.0
dish_1561481673,0.0,3.2982306
dish_1567625294,0.0,0.0
dish_1557936645,5.752762941119556,6.455973
dish_1568313640,16.163637362520774,15.9698
dish_1563555563,47.14334350825277,47.37375
dish_1562875898,78.4247532030782,79.070915
dish_1551494058,0.0,0.0
dish_1566242111,6.76254233831169,8.639952
dish_1550771938,14.772353138321265,14.830126
dish_1559846585,0.0,0.0
dish_1551392376,23.86974662548083,23.394062
dish_1562686492,0.0,0.0
dish_1563997418,0.0,1.8570011
dish_1551318543,8.285301349780326,8.422723
dish_1565724552,11.389489905318314,10.132214
dish_1564415140,95.0,95.53057
dish_1565884738,95.0,94.0815
dish_1559239256,0.0,0.0
dish_1562168673,0.0,0.7257053
dish_1563302391,89.48860476452752,92.8062
dish_1558628711,0.0,0.0
dish_1560357297,0.0,0.0
dish_1550710758,0.0,0.0
dish_1564588820,95.0,95.343605
dish_1550713065,0.0,0.00037997344
dish_1550777827,0.0,2.2310421
dish_1550793300,0.0,0.0
dish_1558722748,0.0,0.0
dish_1563898688,18.04766898940332,18.118275
dish_1565021965,95.0,95.343605
dish_1551134895,0.0,0.0
dish_1561663914,94.32127033524642,94.70187
dish_1550861520,0.0,0.877955
dish_1551490670,0.0,0.0
dish_1561060613,92.18455077613733,94.62373
dish_1561575445,10.368586202409517,9.486396
dish_1550876619,5.752762941119556,6.36639
dish_1563475874,6.92093511906495,7.5358553
dish_1563379163,0.0,0.11075441
dish_1550862733,0.0,0.0
dish_1562010394,0.0,0.92732275
dish_1559593722,0.0,0.0
dish_1561480439,0.0,1.1332185
dish_1559674781,2.327008049483453,4.54141
dish_1566244863,13.772178886895588,13.906357
dish_1560367676,0.0,0.0
dish_1550777418,0.0,0.00037997344
dish_1551306375,0.0,0.0
dish_1565378680,0.0,0.0
dish_1565972429,84.16006197318286,86.17531
dish_1566230300,87.18612108476643,89.08726
dish_1562008394,7.633255783449258,7.8246536
dish_1560445004,29.22656769418839,29.98143
dish_1559674074,0.0,0.0
dish_1564086709,0.0,0.89117295
dish_1551494095,49.35680269160323,49.520008
dish_1550785481,1.7723631616382818,3.1813118
dish_1566931116,13.229367302646551,13.465346
dish_1563468362,33.45526966825108,32.90905
dish_1566849955,7.057783558200697,7.673015
dish_1565117990,60.702426472983035,58.546146
dish_1558460138,6.993983525555564,7.4842777
dish_1562874203,6.323937761389985,7.4019094
dish_1564675157,0.0,0.0
dish_1561737248,0.0,0.0
dish_1568666303,95.0,95.26999
dish_1562010130,0.0,0.04200202
dish_1550706766,95.0,95.194405
dish_1563302420,95.0,95.56599
dish_1551125436,14.927811029053032,15.077469
dish_1567023335,0.0,0.0
dish_1565727791,90.46503298465926,91.02445
dish_1564675060,5.150328776036659,5.9322844
dish_1551567170,0.0,0.53417414
dish_1551224928,0.0,0.0
dish_1551396309,0.0,0.030595323
dish_1563305083,78.95864162603533,77.43516
dish_1565034234,13.229367302646551,13.465346
dish_1551395022,49.35680891247465,49.520008
dish_1551138312,0.0,0.0
dish_1550769882,43.31269387508054,42.36802
dish_1562168365,0.0,0.0
dish_1566488905,0.0,0.0
dish_1566933180,12.40304696938081,21.112362
dish_1550785526,95.0,94.87634
dish_1551305410,0.0,0.08824365
dish_1561739649,12.18755376016756,11.882256
dish_1559238993,0.0,0.0
dish_1564686740,0.0,0.0
dish_1550797130,1.6950614040902252,4.4658904
dish_1563307519,0.0,0.0
dish_1558116298,0.0,0.8198367
dish_1551493123,0.0,0.0
dish_1551233708,0.0,0.0
dish_1560454562,42.3160072765385,38.144253
dish_1560802730,54.99007220284931,52.794117
dish_1551225467,1.7723667960435279,3.1813118
dish_1551235699,95.0,94.4996
dish_1551303437,7.424229104278666,17.258528
dish_1551316878,0.0,0.0
dish_1567021799,0.0,0.0
dish_1559149615,0.0,0.0
dish_1551323866,95.0,95.01033
dish_1559332795,0.0,0.0
dish_1565195362,0.0,0.0
dish_1561740385,9.391775474232887,9.927085
dish_1560366963,6.993983525555564,7.4842777
dish_1563984835,45.41186561140192,38.268368
dish_1551488691,0.0,0.0
dish_1562010266,0.0,0.0
dish_1558638137,0.0,0.0
dish_1562691000,43.46456705882677,42.06734
dish_1551225281,0.0,0.0
dish_1561662926,81.08080787352091,78.86233
dish_1558633158,6.993983525555564,6.8006415
dish_1558725085,4.559696052143096,5.7582235
dish_1565799663,59.78786761364222,60.37796
dish_1565898402,1.7306307002870653,7.1252427
dish_1550793673,84.00124445225615,89.77325
dish_1550772199,0.0,0.0
dish_1566851677,0.0,3.4957135
dish_1565033189,95.0,95.1785
dish_1558458903,0.0,0.0
dish_1561666875,40.23997901098467,43.243015
dish_1560370833,0.0,0.0
dish_1563389742,95.0,95.017525
dish_1550712369,49.35680269160323,49.520008
dish_1561576449,13.229367302646551,13.465346
dish_1550772701,0.0,0.04788416
dish_1565972384,95.0,95.351006
dish_1564588889,80.97172468599891,80.99165
dish_1561577701,95.0,95.46847
dish_1567024112,0.0,0.0
dish_1551321793,0.0,0.0
dish_1568314857,0.0,0.0
dish_1557862829,22.523681926039515,21.806005
dish_1551306691,10.302213957281026,12.911553
dish_1551375596,95.0,95.01033
dish_1551316737,0.0,0.08824365
dish_1565641915,0.0,0.0
dish_1551493916,0.0,0.0
dish_1568217267,0.0,0.0
dish_1558722398,0.0,0.0
dish_1559061752,0.0,0.0
dish_1560889008,6.921139457525612,6.9439754
dish_1565724588,12.485984226487432,12.269111
dish_1558640039,6.993983525555564,6.8006415
dish_1551487472,0.0,3.7593143
dish_1563824304,9.825841001624113,9.831801
dish_1558028194,54.87187701244332,60.928356
dish_1563566939,0.0,0.0
dish_1561404485,3.665956572347838,4.6095934
dish_1562086564,47.44998758807879,43.992992
dish_1563221054,0.0,0.0
dish_1560975628,79.70576113599353,69.2087
dish_1561749750,95.0,95.6534
dish_1563221157,95.0,96.163605
dish_1558636544,0.0,0.0
dish_1560802092,95.0,95.75984
dish_1564170141,7.175344026295335,7.707328
dish_1566333255,52.04576554203853,52.49564
dish_1551375783,95.0,95.622856
dish_1560455263,95.0,96.39113
dish_1561752509,50.70028065745102,50.06404
dish_1563568319,0.0,0.0
dish_1562947020,0.0,0.0
dish_1562777566,0.0,0.0
dish_1558115825,0.0,0.0
dish_1558030910,0.0,0.0
dish_1564675193,76.921164860909,77.015915
dish_1566414291,0.0,0.013779557
dish_1551235946,16.377615842724794,16.433271
dish_1561493975,0.0,0.0
dish_1551373253,0.0,0.0
dish_1560369294,53.35774852928085,44.851578
dish_1551137277,0.0,0.0
dish_1566587714,95.0,95.64891
dish_1563381461,0.0,0.0
dish_1551228669,12.25370423727641,18.093948
dish_1563897981,0.0,0.0
dish_1562702892,5.679754563549082,13.4602
dish_1558640373,6.443774590161738,6.9846964
dish_1560443565,0.0,0.0
dish_1558030971,4.559696052143096,5.7582235
dish_1551494035,0.0,0.06792932
dish_1550705580,49.356799989608746,49.520008
dish_1561575908,0.0,0.0
dish_1563909550,0.0,0.0
dish_1567022114,6.993983525555564,7.4842777
dish_1560453356,95.0,95.84056
dish_1558723475,6.367234352162683,6.9448395
dish_1563305982,95.0,95.967316
dish_1550862399,0.0,0.0
dish_1551134987,0.0,0.0
dish_1551374712,13.229367302646551,13.465346
dish_1562690950,0.0,0.0
dish_1550797692,0.0,0.0
dish_1568147044,0.0,0.0
dish_1564514906,11.022021951362632,10.856781
dish_1558373352,0.0,0.0
dish_1562179966,0.0,0.0
dish_1551233095,24.4417981085669,24.525833
dish_1562700568,81.27121918629923,84.71108
dish_1558639949,6.367234352162683,6.9448395
dish_1564686966,0.0,0.0
dish_1563294547,0.0,0.0
dish_1568141871,0.0,0.0
dish_1563382911,0.0,0.20106365
dish_1561662054,32.79379538048953,33.609024
dish_1560455030,7.172695491222939,7.6919465
dish_1561575474,11.99509533587721,12.388139
dish_1565972591,0.0,0.09226406
dish_1550876012,95.0,94.89535
dish_1563381680,0.0,0.0
dish_1562611680,37.176680453547654,47.447296
dish_1568144828,6.835535167880494,7.9492793
dish_1550708440,0.0,0.0
dish_1551307090,0.0,0.0
dish_1560453174,74.54885399428491,75.01662
dish_1551226363,18.04766898940332,18.047884
dish_1558549773,22.523681926039515,21.985695
dish_1563822597,17.48362797143919,17.301208
dish_1551489812,0.0,0.0
dish_1566417516,49.04080626467734,44.09839
dish_1563996485,15.37544704006325,15.5102
dish_1563998210,51.40371527746495,50.967255
dish_1558459115,0.0,0.0
dish_1564082178,56.04539082809889,53.29618
dish_1558723777,0.0,0.0
dish_1562873028,61.266686827089586,52.58404
dish_1558115867,0.0,0.0056093475
dish_1561580370,0.0,2.9965322
dish_1566502211,25.42969961734312,25.56806
dish_1551563213,80.9214032989778,80.7219
dish_1550775318,0.0,0.007250687
dish_1565383026,9.542909625311765,10.1355505
dish_1558642089,6.993983525555564,6.5548754
dish_1558723866,13.229367302646551,13.413108
dish_1551380950,0.0,0.0
dish_1559319860,0.0,0.0
dish_1559242568,0.0,0.0
dish_1563824339,8.942700033576173,8.948857
dish_1562094621,13.229367302646551,13.426521
dish_1550707156,0.0,0.0
dish_1560527191,0.0,0.0
dish_1558546663,0.0,0.0
dish_1551393210,0.0,0.0
dish_1568314823,0.0,0.01685157
dish_1563468299,21.876093469513208,20.889662
dish_1551323574,0.0,0.28758645
dish_1551491271,69.5101727436982,69.81016
dish_1558723414,0.0,0.24808282
dish_1562691674,64.29308192038201,64.2049
dish_1562602860,33.564392133719586,32.787956
dish_1568217372,0.0,0.0
dish_1563395480,95.0,96.08756
dish_1558719994,0.0,0.0056093475
dish_1562960520,68.2753888611344,64.777016
dish_1566488928,0.0,0.0
dish_1558031302,0.0,0.032308225
dish_1563910171,81.5105870368395,76.82181
dish_1551392590,24.4417981085669,24.705523
dish_1558116201,0.0,0.0
dish_1550777469,0.0,0.13680488
dish_1562008813,9.389628989964223,9.186875
dish_1551391710,0.0,0.0
dish_1568061202,0.0,1.9372071
dish_1562785132,2.9535657093767895,7.207709
dish_1559233102,0.0,0.101856574
dish_1558639787,13.229367302646551,13.413108
dish_1567542876,0.0,0.0
dish_1561577573,0.0,0.0
dish_1550776957,0.0,0.0
dish_1551395800,0.0,0.0
dish_1558115011,0.0,0.0056093475
dish_1565638323,6.899146563842109,7.853788
dish_1550773394,14.772353138321265,14.816504
dish_1566416421,26.944158407799122,24.24955
dish_1561661347,19.744871633515572,18.385773
dish_1566931586,95.0,95.64304
dish_1551493723,0.0,0.0
dish_1563908923,25.429695407630675,25.56806
dish_1551318068,0.0,0.23641732
dish_1561061687,95.0,96.43211
dish_1558115448,0.0,0.0
dish_1551228830,0.0,0.0
dish_1561575613,0.0,0.0
dish_1566245437,84.47253736656208,81.575195
dish_1550706583,49.35680623461601,49.268787
dish_1558639335,0.0,0.0
dish_1563382953,6.437900623339473,3.5974944
dish_1550710342,95.0,95.28249
dish_1558725403,0.0,0.0056093475
dish_1550710715,0.0,0.059248786
dish_1551303476,5.8890961357740395,20.34919
dish_1550776767,0.0,0.0
dish_1551141628,0.0,0.0
dish_1551123986,5.752762941119556,6.468281
dish_1550788827,1.7723579696316705,2.9619322
dish_1558628921,6.993983525555564,6.5548754
dish_1561662814,0.0,2.5780482
dish_1560366438,13.97111287936832,14.999502
dish_1566931140,13.66510654560659,14.319993
dish_1560360112,0.0,0.0
dish_1550788264,0.0,0.0
dish_1562611853,20.088305452503775,17.213385
dish_1551374560,0.0,0.26650944
dish_1560369146,53.36617928100576,57.139023
dish_1562783691,95.0,94.991394
dish_1565023128,0.0,0.0
dish_1559158354,18.04766898940332,18.047884
dish_1562007842,14.752396801623092,16.883995
dish_1561580431,86.8317363747251,88.87828
dish_1562788010,12.016979336117913,11.328918
dish_1562702853,0.0,0.49095762
dish_1565627751,0.0,0.0
dish_1562861174,5.363328391429661,5.506762
dish_1567785165,0.0,0.0
dish_1551567604,0.0,0.0
dish_1564083459,0.0,0.0
dish_1558637865,0.0,0.24808282
dish_1563997327,0.0,0.0
dish_1566934120,41.78094904433689,39.06593
dish_1563910639,57.32175841184336,56.26922
dish_1559244649,0.0,4.9058876
dish_1563998513,93.0387168771768,94.0406
dish_1551142128,0.0,0.0
dish_1562170356,0.0,0.95313245
dish_1562963517,13.090651415124867,12.169262
dish_1551376892,0.0,0.0
dish_1561492161,0.0,0.40292153
dish_1562691064,0.0,2.6744082
dish_1562777000,0.0,0.101856574
dish_1563220109,0.0,3.5752914
dish_1562096542,13.87019313351874,14.350783
dish_1562961588,0.0,0.012949024
dish_1563823860,12.05294694586263,11.460179
dish_1565640601,95.0,96.500595
dish_1561753275,89.7428048512988,91.951584
dish_1550875968,6.367234352162683,6.8610597
dish_1564170071,8.285301349780326,8.395771
dish_1561667430,0.0,0.9410174
dish_1550771387,3.529134307148283,6.453819
dish_1565032680,0.0,0.49924427
dish_1561134128,0.054586878357170576,3.9429724
dish_1558550218,0.0,0.0
dish_1562963006,11.87300664993596,10.988699
dish_1550795361,0.0,0.032308225
dish_1560541760,94.90000128500098,95.479935
dish_1551313896,0.0,0.16305785
dish_1564687090,62.46300404156119,66.03141
dish_1565725244,95.0,95.97125
dish_1563302447,91.44559028239122,93.63442
dish_1562872150,24.4417981085669,24.705523
dish_1566246415,16.377615842724794,16.514467
dish_1550796686,0.0,0.0
dish_1562613403,56.318309363648495,53.93389
dish_1551389387,0.0,0.01685157
dish_1563391708,0.0,0.0
dish_1563378660,0.0,0.0
dish_1551236550,0.0,0.0
dish_1563566810,0.0,0.0
dish_1561148042,16.746034411773053,25.251606
dish_1562614895,18.04766898940332,18.047884
dish_1568313487,16.377615842724794,16.514467
dish_1568143612,13.492206573099253,13.086845
dish_1566590007,12.55008515156183,14.660432
dish_1566844850,50.489401130450354,50.167168
dish_1561752481,0.0,3.0506282
dish_1551233610,0.0,0.18543202
dish_1550876969,0.0,0.0
dish_1550788591,49.127500453328054,45.39599
dish_1550796731,6.367234352162683,6.8610597
dish_1558468401,0.0,0.01685157
dish_1560798785,19.920391928801138,15.849835
dish_1565379377,95.0,95.52342
dish_1565725123,95.0,95.52998
dish_1550705786,0.0,0.007250687
dish_1551378449,0.0,0.38507375
dish_1564160161,0.0,0.0
dish_1565207896,70.27598029212885,72.024765
dish_1560788338,95.0,95.2339
dish_1550710542,29.016140072315523,28.220554
dish_1558115364,12.206627287817838,12.410535
dish_1563811662,64.80679590451771,63.76741
dish_1563478751,0.41592937399883567,5.114277
dish_1561148021,0.0,8.111819
dish_1558381860,0.0,0.01685157
dish_1568315988,95.0,95.47776
dish_1551122614,27.465101986435812,27.529964
dish_1558723073,6.993983525555564,7.488221
dish_1550713174,0.0,0.0
dish_1564685450,0.0,0.3636226
dish_1551226013,27.465101986435812,27.529964
dish_1565023182,0.0,0.0
dish_1551236657,24.4417981085669,24.705523
dish_1558027057,0.0,0.0
dish_1551490433,16.377615842724794,16.51947
dish_1560887457,0.0,0.051478323
dish_1567625343,10.783871884924238,10.774167
dish_1568405430,0.0,0.0
dish_1558468589,24.4417981085669,24.705523
dish_1558468435,18.04766898940332,18.047884
dish_1551564543,0.0,0.0
dish_1566931650,83.60573005185616,81.653885
dish_1551318377,0.0,0.0
dish_1566230222,95.0,95.37203
dish_1551221801,1.7723579696316705,2.9619322
dish_1561666640,0.0,0.0
dish_1561665706,0.0,0.0
dish_1558636028,0.0,0.26787943
dish_1564685229,0.0,0.0
dish_1566587102,68.0471903256639,66.60338
dish_1551225714,0.0,0.12871148
dish_1562603536,0.0,0.0
dish_1564170098,7.35500278066111,8.510793
dish_1563910276,57.32177630733115,56.26922
dish_1558722322,6.993983525555564,6.5548754
dish_1566419546,0.0,0.0
dish_1561580322,28.541276008890094,28.141413
dish_1563480534,77.21260424395312,73.85097
dish_1566501153,0.0,0.0
dish_1562008936,25.429695407630675,25.56806
dish_1550791822,0.0,0.031398688
dish_1551135590,14.772353138321265,14.816504
dish_1560801041,0.0,3.36521
dish_1563897047,95.0,95.37203
dish_1550772314,37.05541461594676,35.60285
dish_1558381084,0.0,0.0
dish_1551564221,0.0,0.0
dish_1550773949,0.0,0.0
dish_1551492732,0.0,0.0
dish_1566500988,12.433418781841382,11.319902
dish_1565119439,0.0,0.0
dish_1564775147,0.0,0.4344631
dish_1568217325,0.0,0.0
dish_1565640868,95.0,95.80286
dish_1551373181,0.0,0.0
dish_1558114937,16.377615842724794,16.514467
dish_1558379182,0.0,0.0056093475
dish_1563389413,18.04766898940332,18.047884
dish_1561579673,48.37687462915945,45.265785
dish_1551226101,0.0,0.0
dish_1568132601,3.3743179829180434,3.5613406
dish_1558628956,64.50697964008373,64.20742
dish_1567537422,11.81543209241471,12.1716
dish_1561579576,10.092011906951186,9.179753
dish_1551377094,0.0,0.0
dish_1563827482,17.823228229339378,18.812372
dish_1551322577,0.0,0.0
dish_1551390802,0.0,0.0
dish_1550785404,6.993983525555564,6.5548754
dish_1558630737,13.229367302646551,13.413108
dish_1568405499,66.46254567473889,63.951576
dish_1563216659,95.0,95.31825
dish_1558723568,0.0,0.0
dish_1558026623,4.559696052143096,5.936885
dish_1562008429,44.26972193499772,45.837315
dish_1565637578,82.01191258786147,64.05665
dish_1561578898,0.0,0.0
dish_1561404956,95.0,94.96741
dish_1558638844,0.0,0.0
dish_1558379273,0.0,0.0
dish_1551142547,76.41022592062147,62.08016
dish_1563900205,37.36187811514408,37.300686
dish_1561580278,25.429695407630675,25.56806
dish_1550707357,0.0,0.28758645
dish_1566316612,0.0,0.0
dish_1562945499,29.12906316556277,30.26969
dish_1560368162,9.938858235087409,9.157828
dish_1565031283,0.0,0.0
dish_1551565720,88.13501426961454,91.67389
dish_1550777713,6.367234352162683,6.8610597
dish_1559232986,0.0,0.0
dish_1561578188,10.351888858125307,9.580853
dish_1551136396,50.297108523168106,54.666782
dish_1551222833,0.0,0.09291221
dish_1562690886,17.55200388280656,17.869816
dish_1551395766,0.0,0.0
dish_1560543625,95.0,95.8335
dish_1559932674,0.0,0.0
dish_1566931620,95.0,95.49954
dish_1551493311,0.0,0.3935776
dish_1550711314,23.24917928784774,18.394035
dish_1551303285,0.0,0.031398688
dish_1561491180,48.67233912436249,43.264744
dish_1558725702,27.465101986435812,27.529964
dish_1562789240,0.0,0.08701168
dish_1550863078,0.0,0.0
dish_1560455380,16.705578244168464,17.553745
dish_1563897395,0.0,0.37898538
dish_1565382733,0.0,0.0
dish_1550708327,25.859945305651593,26.22885
dish_1563221443,0.0,0.0
dish_1562875211,0.0,0.46840954
dish_1561492519,0.0,2.7223725
dish_1561997248,0.0,0.0
dish_1558723719,0.0,0.0056093475
dish_1550771191,0.0,0.0
dish_1562691566,67.62568124501476,69.615555
dish_1563909507,14.109706387949487,13.785384
dish_1566414723,60.62267798407237,59.292706
dish_1564589025,0.0,0.0
dish_1563822636,95.0,95.68551
dish_1558115512,0.0,0.0
dish_1564588533,29.781299594581014,28.392164
dish_1558544427,0.0,0.07966015
dish_1564601569,4.791759260012498,5.8506207
dish_1561480414,0.0,4.055886
dish_1561407208,60.94427364336214,59.508995
dish_1564589308,0.0,0.0
dish_1558379391,0.0,0.8096006
dish_1550707056,0.0,0.0
dish_1551395396,16.377615842724794,16.51947
dish_1563897369,0.0,0.05325847
dish_1551565096,64.661896612182,45.19938
dish_1551324180,13.229367302646551,13.413108
dish_1550711688,7.633255783449258,7.9058747
dish_1563908996,95.0,95.55629
dish_1565035830,95.0,95.63913
dish_1551224380,0.0,0.059248786
dish_1565898590,67.06783902156704,68.94268
dish_1558718974,0.0,0.0056093475
dish_1551494147,0.0,0.101853155
dish_1551223394,0.0,0.11377195
dish_1550774895,0.0,0.0
dish_1550861458,0.0,0.69625497
dish_1566590987,30.915878094010623,39.333656
dish_1567110665,53.289231529163565,51.414284
dish_1559925174,0.0,0.0
dish_1550874829,0.0,0.01685157
dish_1550713423,7.633255783449258,7.9058747
dish_1567019993,26.92909560356881,27.216808
dish_1565811335,19.633489487709113,19.068363
dish_1563221086,71.82617592357904,69.064415
dish_1551565068,64.66188557180564,45.19938
dish_1551392884,0.0,0.23641732
dish_1565036922,0.0,4.220653
dish_1563220802,95.0,95.44415
dish_1562691613,19.15080912893302,12.778321
dish_1559843222,0.0,0.0
dish_1560455421,39.242836656293235,47.976738
dish_1562959517,0.0,0.0
dish_1566413321,22.523681926039515,21.985695
dish_1561746876,0.0,0.7855696
dish_1562788732,2.9535739799995184,7.207709
dish_1568060542,80.19354948352608,72.41709
dish_1566402095,95.0,94.9257
dish_1566501012,5.968485119113694,8.558093
dish_1550773284,0.0,0.0
dish_1562945779,0.0,0.0
dish_1566317775,0.0,1.2059331
dish_1558115915,0.0,0.0
dish_1558719298,0.0,0.0056093475
dish_1550791214,22.076091895133374,25.70402
dish_1559589902,21.958001577556047,20.537632
dish_1567525681,0.0,0.3248547
dish_1565898361,0.0,0.48603106
dish_1560529825,0.0,0.0
dish_1562774504,0.0,0.039108165
dish_1562872945,48.60654582122314,38.093323
dish_1563996509,95.0,95.4974
dish_1561999287,17.552013742305718,17.869816
dish_1562700496,13.229367302646551,13.413108
dish_1559846034,18.04766898940332,18.047884
dish_1551233403,16.56515162448791,17.11995
dish_1562086740,0.0,0.0
dish_1561574974,7.506909144122204,7.7644453
dish_1551379045,13.654453041171934,11.813573
dish_1562945900,0.0,0.0
dish_1561576212,0.0,0.0
dish_1551566464,13.229367302646551,13.413108
dish_1563218031,95.0,96.41992
dish_1563823814,5.699676455848319,6.2718844
dish_1560444914,4.82865638334458,5.8730545
dish_1551221892,55.554481090328785,44.83654
dish_1566591048,0.0,3.465354
dish_1565107066,0.0,0.101856574
dish_1561481577,0.0,0.0
dish_1561737839,0.0,0.0
dish_1550796152,0.0,0.0
dish_1561405887,36.87074207592368,40.283817
dish_1551381249,8.285301349780326,8.367497
dish_1559845637,0.0,0.032308225
dish_1558372695,0.0,0.0
dish_1558373074,95.0,95.23688
dish_1559849053,0.0,0.0
dish_1550795331,0.0,0.0
dish_1568401199,81.56963705975728,79.3609
dish_1566332116,10.09522617226989,10.298303
dish_1551382115,0.0,0.031398688
dish_1550774244,0.0,0.0
dish_1565972363,95.0,95.37203
dish_1559319902,0.0,0.0
dish_1563996464,15.303504570123536,15.913068
dish_1561663990,56.04539057311178,53.29618
dish_1550710664,7.633255783449258,7.9058747
dish_1562774159,0.0,0.0
dish_1560527950,5.150328776036659,6.0810566
dish_1561062286,2.2750346457184776,6.9088597
dish_1551392752,0.0,0.9563108
dish_1551228715,12.25370423727641,17.48917
dish_1551566083,0.0,0.0
dish_1551133870,6.367234352162683,6.8610597
dish_1562862550,21.946911307503854,10.216256
dish_1562687527,11.87152502420794,10.280904
dish_1565727765,17.849040311957836,17.134027
dish_1561404438,0.0,0.0
dish_1551323662,95.0,95.250534
dish_1551563925,69.51016997947956,69.81016
dish_1550772270,37.05541461594676,35.60285
dish_1551399449,0.0,0.0051058587
dish_1560455224,0.0,1.7056073
dish_1558641211,6.993983525555564,6.5548754
dish_1567107049,0.0,0.0
dish_1567537457,29.385664610328405,25.318684
dish_1563305321,6.921133398086454,6.7183614
dish_1558630600,0.0,0.0
dish_1566328894,0.0,0.008809233
dish_1550712622,0.0,0.34497285
dish_1567022147,10.070420733589415,9.122328
dish_1559841023,0.0,0.09226406
dish_1567542914,0.0,0.0
dish_1566931674,0.0,0.0
dish_1560270630,0.0,0.0
dish_1565898723,95.0,95.312035
dish_1551393069,0.0,0.031398688
dish_1561997900,0.0,0.0
dish_1550771606,0.0,0.007250687
dish_1565107119,95.0,95.64974
dish_1565020755,0.0,0.0
dish_1565119642,19.344296749046634,18.44985
dish_1562950018,0.0,0.0
dish_1551493159,0.0,0.0
dish_1567801748,0.0,0.0
dish_1559844063,0.0,0.0
dish_1559848857,0.0,0.0
dish_1561407312,75.7308519526207,69.833466
dish_1562009894,0.0,0.0
dish_1568048053,0.0,0.0
dish_1558115282,95.0,95.23688
dish_1551235669,0.0,0.0
dish_1559158425,22.52368192603953,21.985695
dish_1551221853,13.229367302646551,13.413108
dish_1550793192,0.0,0.0
dish_1560975491,25.429695407630675,25.56806
dish_1563813360,0.0,0.6870128
dish_1551317589,0.0,0.9563108
dish_1550861670,0.0,0.101856574
dish_1550779336,0.0,0.36259422
dish_1551319895,0.0,0.0
dish_1559240875,0.0,0.0
dish_1567785622,0.0,0.0
dish_1565809033,95.0,95.25903
dish_1568233403,16.377615842724794,16.514467
dish_1562785159,48.39998303887279,45.719643
dish_1560455179,9.438877335115848,9.424336
dish_1558637351,0.0,0.0
dish_1565118096,95.0,94.25599
dish_1551235759,95.0,94.650665
dish_1550774815,0.0,0.0
dish_1562690144,0.0,0.0
dish_1558461760,6.993983525555564,7.488221
dish_1559751744,83.92944263442338,80.931
dish_1550706237,0.0,0.059248786
dish_1563206409,0.0,0.0
dish_1565031338,49.88425769164818,48.645527
dish_1565382969,22.52368192603953,21.985695
dish_1560366998,5.319275916938324,6.316711
dish_1565896745,0.0,1.412799
dish_1550862908,0.0,0.0
dish_1551564423,6.993983525555564,6.5548754
dish_1560526472,0.0,1.6797329
dish_1550712877,0.0,0.0
dish_1559844928,0.0,0.032308225
dish_1561480460,50.67697545220705,49.721355
dish_1551222527,13.229367302646551,13.413108
dish_1562602627,0.0,0.0
dish_1562788536,0.0,0.0
dish_1558113255,6.367234352162683,6.8610597
dish_1550873434,49.35680462999063,49.268787
dish_1565811025,87.67065271518968,87.909454
dish_1566851584,0.0,8.8405695
dish_1565020926,14.138161681509317,10.777031
dish_1562173411,0.0,0.0
dish_1559590130,91.02201452209084,92.13517
dish_1568047973,39.420982321813995,31.143831
dish_1565034681,0.0,0.0
dish_1565627800,93.3176111330597,93.618286
dish_1551379408,69.49470069399514,69.1043
dish_1562086037,0.0,0.0
dish_1550777256,0.0,0.0034863965
dish_1551324331,95.0,95.34128
dish_1558639673,6.993983525555564,7.488221
dish_1551567106,0.0,0.007250687
dish_1564073641,0.0,0.0
dish_1560874751,0.0,0.4886124
dish_1565981898,36.418873076598715,36.50056
dish_1551304456,0.0,0.13680488
dish_1558641358,13.229367302646551,13.413108
dish_1558724853,27.465101986435798,27.529964
dish_1562008476,95.0,95.77967
dish_1550797094,18.04766898940332,18.047884
dish_1551234288,15.603132121891207,15.29679
dish_1564689138,0.0,0.0
dish_1563897938,0.0,0.0
dish_1562686548,21.116594206202976,15.413022
dish_1568229399,0.0,0.40292153
dish_1550859356,0.0,0.0
dish_1550862495,5.752762941119556,6.468281
dish_1560453150,0.0,3.4718204
dish_1561749778,95.0,95.7941
dish_1551563723,0.0,0.0
dish_1565383159,0.0,0.73101234
dish_1551375715,6.367234352162683,6.8610597
dish_1561575192,14.499566775324823,14.99434
dish_1565207694,76.04958877565328,73.02702
dish_1560444637,0.0,0.0
dish_1558641253,0.0,0.24808282
dish_1559235771,0.0,0.0
dish_1562700593,64.67076483469233,66.107666
dish_1565382762,0.0,0.31889167
dish_1550712459,0.0,15.797042
dish_1550777025,0.0,0.0
dish_1565208611,26.045138867444052,26.156895
dish_1551390528,13.229367302646551,13.413108
dish_1558380058,0.0,0.0056093475
dish_1550793023,6.367234352162683,6.8610597
dish_1551228478,0.0,0.15224181
dish_1550781280,18.04766898940332,18.047884
dish_1567108037,0.0,0.0
dish_1550778646,0.0,0.0
dish_1558630450,0.0,0.0
dish_1563827188,95.0,96.26628
dish_1568305198,0.0,0.0
dish_1562875159,0.0,0.012949024
dish_1551224283,13.229367302646551,13.413108
dish_1558116547,95.0,95.23688
dish_1566501067,28.213493948566963,29.56772
dish_1558639979,0.0,0.0056093475
dish_1560529804,5.150328776036659,6.0810566
dish_1551394835,0.0,0.0
dish_1551493680,0.0,0.0
dish_1565726949,74.81494956927965,72.929
dish_1563218987,0.0,0.0
dish_1551134622,0.0,0.0
dish_1551232686,69.51016580494542,69.81016
dish_1564170283,0.0,0.6780633
dish_1565728494,0.0,0.0
dish_1558380152,95.0,95.23688
dish_1564082212,47.96612757057267,49.23396
dish_1551566642,6.993983525555564,6.5548754
dish_1562614088,18.04766898940332,18.047884
dish_1563222850,36.14815977137627,38.684666
dish_1564775216,0.0,2.784775
dish_1558630176,0.0,0.0
dish_1565194781,81.3684010375051,80.02965
dish_1568404850,0.0,0.22993647
dish_1563391333,6.916807601167619,7.308902
dish_1568666263,15.25460296147888,15.252889
dish_1567107989,0.0,4.128228
dish_1551399340,0.0,0.23641732
dish_1565638365,12.064498221343001,11.7344055
dish_1550793245,0.0,0.0
dish_1551399402,0.0,0.13680488
dish_1551565168,13.229367302646551,13.413108
dish_1566589933,95.0,95.47776
dish_1562617370,0.0,0.0
dish_1562788760,0.0,0.0
dish_1561662532,0.0,2.5080853
dish_1551125258,27.465101986435812,27.529964
dish_1561577848,51.403735897408595,50.967255
dish_1551395194,95.0,95.05283
dish_1566244964,78.21105064626876,78.55371
dish_1559841127,81.97349106999553,81.09075
dish_1551564053,81.92299983595746,80.68708
dish_1561576652,9.576888724407482,9.048474
dish_1551390872,0.0,0.6106973
dish_1559667948,0.0,0.0
dish_1561567086,0.0,0.0
dish_1551123072,6.367234352162683,6.8610597
dish_1563303386,94.0526301797585,95.59524
dish_1567525744,0.0,1.9696342
dish_1564590226,0.0,0.0
dish_1550706096,14.772353138321265,14.816504
dish_1559243139,6.921131797480086,6.7722845
dish_1550712585,14.772353138321265,14.816504
dish_1562702091,9.809343022830845,9.075158
dish_1563304881,48.65883715291491,49.38509
dish_1565641844,0.0,0.008809233
dish_1562700931,10.874989086816129,11.3974495
dish_1558724766,0.0,0.0
dish_1551225541,27.38693205274221,29.852451
dish_1561576737,93.61813458694348,94.70262
dish_1550712486,0.0,15.797042
dish_1551304571,0.0,0.101856574
dish_1563465805,0.0,0.0
dish_1560888849,55.95479671075636,53.334957
dish_1550771330,0.0,0.101856574
dish_1551321757,0.0,0.0
dish_1558031526,0.0,0.0
dish_1561580406,93.05532749620633,92.64587
dish_1551223023,0.0,0.28342605
dish_1551139325,70.24904019743036,72.039536
dish_1562862529,57.09321414179828,59.31293
dish_1560961059,0.0,0.0
dish_1566333118,0.0,0.008809233
dish_1559849020,0.0,0.0
dish_1562690112,0.0,0.0
dish_1551235270,0.0,0.0
dish_1566835701,80.63381680675477,78.86086
dish_1563294465,0.0,0.1677423
dish_1563216381,18.04766898940332,18.047884
dish_1561654756,73.08038599325434,74.05865
dish_1560801020,0.0,2.9251544
dish_1551392347,0.0,0.0
dish_1565812186,95.0,95.2206
dish_1551377209,95.0,95.3408
dish_1551378018,16.377615842724794,16.51947
dish_1566331868,82.00825391934214,67.64537
dish_1566245365,0.0,0.0
dish_1566849862,0.0,0.0
dish_1551565529,69.62140411298634,71.96716
dish_1551566753,95.0,95.00857
dish_1563565805,33.99814527225185,33.823402
dish_1566329257,54.471272000733194,55.545868
dish_1563295360,0.0,0.09256537
dish_1563378073,58.84701895421783,59.5866
dish_1550874079,1.7723658907703879,2.9619322
dish_1560539396,61.179447827358075,56.658882
dish_1561060558,7.648173801693332,5.7883325
dish_1551563337,0.0,0.0
dish_1551488103,6.993983525555564,6.5548754
dish_1558640882,6.367234352162683,6.8610597
dish_1558638163,6.993983525555564,6.5548754
dish_1558630867,0.0,0.0
dish_1566415591,51.86768983873118,49.816715
dish_1559061675,5.150328776036659,6.0810566
dish_1551486571,0.0,0.23641732
dish_1550778172,44.12583760599378,42.529327
dish_1563898880,0.0,1.0793896
dish_1551122795,0.0,0.28758645
dish_1551566524,95.0,95.143196
dish_1562689519,95.0,95.44534
dish_1558639588,0.0,0.0056093475
dish_1563307488,0.0,0.0
dish_1566419603,0.0,0.41017142
dish_1550772367,0.0,0.0
dish_1558031237,6.367234352162683,6.8610597
dish_1559157919,0.0,2.3791726
dish_1551381877,0.0,0.0
dish_1551136814,0.0,1.1620568
dish_1565896701,0.0,0.5431012
dish_1558641391,6.367234352162683,6.8610597
dish_1551492056,58.684264320690644,56.957092
dish_1566332154,95.0,95.529305
dish_1563824092,8.090629917851388,7.9403257
dish_1550711244,0.0,0.28758645
dish_1558630814,0.0,0.0056093475
dish_1551323487,95.0,95.05283
dish_1558720335,6.367234352162683,6.8610597
dish_1564590254,0.0,0.0
dish_1565711183,95.0,95.551125
dish_1551490503,0.0,0.0
dish_1551318673,14.360531234086679,14.183278
dish_1563909580,0.0,0.051498584
dish_1566838317,0.0,2.670998
dish_1564083480,0.0,0.0
dish_1551384080,0.0,0.0
dish_1567785709,0.0,2.008073
dish_1559934708,95.0,95.61955
dish_1551237321,19.399599250508345,19.513445
dish_1559674866,10.378358293203135,9.31321
dish_1551222068,7.633255783449258,7.9058747
dish_1551314390,0.0,0.021580042
dish_1563378690,0.0,0.0
dish_1562784388,0.0,0.0
dish_1560270537,0.0,0.0
dish_1551134138,36.80971281010352,35.279587
dish_1562785184,77.17686883984004,72.84434
dish_1562008738,14.459568718647049,14.915024
dish_1566328745,76.64477983323454,72.07047
dish_1561740353,6.263506047674198,8.13754
dish_1550708702,0.0,0.2940797
dish_1561736736,0.0,0.0
dish_1550876055,95.0,94.89535
dish_1563551006,0.0,0.0
dish_1564415499,0.0,0.0
dish_1551488485,65.32331652306749,66.613014
dish_1566587662,19.344296749046634,18.44985
dish_1559062005,0.0,0.0
dish_1551392519,95.0,95.47776
dish_1568144612,18.04766898940332,18.047884
dish_1567612986,89.17965572137544,91.60426
dish_1563480476,57.32177510794106,56.26922
dish_1565637162,0.0,0.0
dish_1566246541,76.57362315153333,73.5261
dish_1561662842,60.88551297890265,59.546196
dish_1561147967,0.0,0.111752875
dish_1565207727,0.0,10.493197
dish_1563476408,0.0,7.622102
dish_1564518454,0.0,0.008809233
dish_1562873002,61.282215166062585,51.78578
dish_1565020822,76.26528307288504,76.1597
dish_1551491090,31.74761543020219,32.057556
dish_1559846363,0.0,0.0
dish_1551391337,95.0,95.28904
dish_1551493854,0.0,0.0
dish_1562958721,0.0,0.0
dish_1562961609,0.0,0.34444964
dish_1563294987,0.0,0.0
dish_1551304197,47.81389458502171,39.646072
dish_1551378179,0.0,0.67319864
dish_1565884766,95.0,95.060715
dish_1563294408,0.0,0.0
dish_1563812615,95.0,95.433945
dish_1566835641,95.0,95.20712
dish_1568060414,13.254427660491942,13.547832
dish_1551563511,8.285301349780326,8.367497
dish_1551235561,0.0,0.0
dish_1551391758,73.95667365986154,72.06886
dish_1550770222,18.04766898940332,18.047884
dish_1551564857,0.0,0.0
dish_1558376768,95.0,95.23688
dish_1551318504,13.229367302646551,13.413108
dish_1561996647,0.8482464135324079,3.6630251
dish_1566849295,0.0,0.43507278
dish_1551137431,0.0,0.059248786
dish_1559844323,0.0,0.029929072
dish_1558029686,0.0,0.0
dish_1551491216,0.0,0.101856574
dish_1565382833,0.0,0.0
dish_1551313872,0.0,0.9563108
dish_1551563890,95.0,95.184326
dish_1551224175,22.418681536703886,22.077744
dish_1561741090,82.60424768067402,84.31952
dish_1562085132,0.0,0.0
dish_1551490544,0.0,0.0
dish_1551234214,7.633255783449258,7.9058747
dish_1566587182,8.87162761841418,10.025841
dish_1550779153,18.04766898940332,18.047884
dish_1550792194,6.367234352162683,6.8610597
dish_1558382263,71.2576763710618,72.675446
dish_1550778401,7.633255783449258,7.9058747
dish_1558114484,0.0,0.0
dish_1560798815,24.21199550203012,15.906048
dish_1551395909,16.377615842724794,16.51947
dish_1550875347,0.0,7.6521177
dish_1563378435,0.0,0.08143541
dish_1560367698,0.0,7.2351813
dish_1558379712,0.0,0.0056093475
dish_1567612954,0.0,0.0
dish_1561663606,54.486601144837174,49.318153
dish_1558116436,0.0,0.0
dish_1561481673,0.0,3.268231
dish_1567625294,0.0,0.01685157
dish_1557936645,5.752762941119556,6.532175
dish_1568313640,16.163637362520774,16.024744
dish_1563555563,47.14334350825277,46.762936
dish_1562875898,78.4247532030782,78.68935
dish_1551494058,0.0,0.0
dish_1566242111,6.76254233831169,8.651903
dish_1550771938,14.772353138321265,14.816504
dish_1559846585,0.0,0.0
dish_1551392376,23.86974662548083,23.437895
dish_1562686492,0.0,0.09226406
dish_1563997418,0.0,1.6865973
dish_1551318543,8.285301349780326,8.367497
dish_1565724552,11.389489905318314,10.253298
dish_1564415140,95.0,95.62564
dish_1565884738,95.0,94.232834
dish_1559239256,0.0,0.0
dish_1562168673,0.0,0.92148143
dish_1563302391,89.48860476452752,92.74659
dish_1558628711,0.0,0.0
dish_1560357297,0.0,0.0
dish_1550710758,0.0,0.0
dish_1564588820,95.0,95.37203
dish_1550713065,0.0,0.007250687
dish_1550777827,0.0,2.06397
dish_1550793300,0.0,0.0
dish_1558722748,0.0,0.24808282
dish_1563898688,18.04766898940332,18.047884
dish_1565021965,95.0,95.37203
dish_1551134895,0.0,0.079725124
dish_1561663914,94.32127033524642,94.593636
dish_1550861520,0.0,0.69625497
dish_1551490670,0.0,0.0
dish_1561060613,92.18455077613733,94.49013
dish_1561575445,10.368586202409517,9.580853
dish_1550876619,5.752762941119556,6.468281
dish_1563475874,6.92093511906495,7.4393654
dish_1563379163,0.0,0.0
dish_1550862733,0.0,0.0
dish_1562010394,0.0,0.74655735
dish_1559593722,0.0,0.0
dish_1561480439,0.0,1.1809025
dish_1559674781,2.327008049483453,4.6397834
dish_1566244863,13.772178886895588,13.760116
dish_1560367676,0.0,0.0
dish_1550777418,0.0,0.007250687
dish_1551306375,0.0,0.0
dish_1565378680,0.0,0.0
dish_1565972429,84.16006197318286,85.93549
dish_1566230300,87.18612108476643,89.30256
dish_1562008394,7.633255783449258,7.9058747
dish_1560445004,29.22656769418839,29.370777
dish_1559674074,0.0,0.012949024
dish_1564086709,0.0,0.9718245
dish_1551494095,49.35680269160323,49.268787
dish_1550785481,1.7723631616382818,2.9619322
dish_1566931116,13.229367302646551,13.413108
dish_1563468362,33.45526966825108,32.78991
dish_1566849955,7.057783558200697,8.021752
dish_1565117990,60.702426472983035,58.030003
dish_1558460138,6.993983525555564,7.488221
dish_1562874203,6.323937761389985,7.5168505
dish_1564675157,0.0,0.0
dish_1561737248,0.0,0.0
dish_1568666303,95.0,95.32853
dish_1562010130,0.0,0.260915
dish_1550706766,95.0,95.252945
dish_1563302420,95.0,95.66327
dish_1551125436,14.927811029053032,15.106781
dish_1567023335,0.0,0.0
dish_1565727791,90.46503298465926,90.81418
dish_1564675060,5.150328776036659,6.0810566
dish_1551567170,0.0,0.5447515
dish_1551224928,0.0,0.0
dish_1551396309,0.0,0.0043773027
dish_1563305083,78.95864162603533,77.295296
dish_1565034234,13.229367302646551,13.413108
dish_1551395022,49.35680891247465,49.268787
dish_1551138312,0.0,0.0
dish_1550769882,43.31269387508054,42.48385
dish_1562168365,0.0,0.0
dish_1566488905,0.0,0.0
dish_1566933180,12.40304696938081,21.300083
dish_1550785526,95.0,95.02225
dish_1551305410,0.0,0.031398688
dish_1561739649,12.18755376016756,11.81919
dish_1559238993,0.0,0.0
dish_1564686740,0.0,0.0
dish_1550797130,1.6950614040902252,4.300559
dish_1563307519,0.0,0.2504269
dish_1558116298,0.0,0.83405244
dish_1551493123,0.0,0.0
dish_1551233708,0.0,0.059248786
dish_1560454562,42.3160072765385,37.95544
dish_1560802730,54.99007220284931,52.400707
dish_1551225467,1.7723667960435279,2.9619322
dish_1551235699,95.0,94.650665
dish_1551303437,7.424229104278666,16.991074
dish_1551316878,0.0,0.06101946
dish_1567021799,0.0,0.0
dish_1559149615,0.0,0.0
dish_1551323866,95.0,95.05283
dish_1559332795,0.0,0.0
dish_1565195362,0.0,0.0
dish_1561740385,9.391775474232887,9.664999
dish_1560366963,6.993983525555564,7.488221
dish_1563984835,45.41186561140192,37.952538
dish_1551488691,0.0,0.0
dish_1562010266,0.0,0.0
dish_1558638137,0.0,0.0
dish_1562691000,43.46456705882677,42.001476
dish_1551225281,0.0,0.059248786
dish_1561662926,81.08080787352091,78.58667
dish_1558633158,6.993983525555564,6.505745
dish_1558725085,4.559696052143096,5.936885
dish_1565799663,59.78786761364222,60.327408
dish_1565898402,1.7306307002870653,7.6243143
dish_1550793673,84.00124445225615,89.66894
dish_1550772199,0.0,0.032308225
dish_1566851677,0.0,3.2607315
dish_1565033189,95.0,95.22756
dish_1558458903,0.0,0.0056093475
dish_1561666875,40.23997901098467,44.237976
dish_1560370833,0.0,0.0
dish_1563389742,95.0,95.112686
dish_1550712369,49.35680269160323,49.268787
dish_1561576449,13.229367302646551,13.413108
dish_1550772701,0.0,0.13680488
dish_1565972384,95.0,95.45555
dish_1564588889,80.97172468599891,80.60518
dish_1561577701,95.0,95.552155
dish_1567024112,0.0,0.0
dish_1551321793,0.0,0.0
dish_1568314857,0.0,0.0
dish_1557862829,22.523681926039515,21.985695
dish_1551306691,10.302213957281026,13.150174
dish_1551375596,95.0,95.05283
dish_1551316737,0.0,0.031398688
dish_1565641915,0.0,0.0
dish_1551493916,0.0,0.0
dish_1568217267,0.0,0.0
dish_1558722398,0.0,0.0
dish_1559061752,0.0,0.07966015
dish_1560889008,6.921139457525612,6.7183614
dish_1565724588,12.485984226487432,12.394911
dish_1558640039,6.993983525555564,6.5548754
dish_1551487472,0.0,4.200912
dish_1563824304,9.825841001624113,9.652641
dish_1558028194,54.87187701244332,60.31919
dish_1563566939,0.0,0.0
dish_1561404485,3.665956572347838,4.4075513
dish_1562086564,47.44998758807879,43.63173
dish_1563221054,0.0,0.0
dish_1560975628,79.70576113599353,69.214226
dish_1561749750,95.0,95.76178
dish_1563221157,95.0,96.26922
dish_1558636544,0.0,0.0056093475
dish_1560802092,95.0,95.857124
dish_1564170141,7.175344026295335,8.052631
dish_1566333255,52.04576554203853,52.024708
dish_1551375783,95.0,95.717926
dish_1560455263,95.0,96.50031
dish_1561752509,50.70028065745102,50.11014
dish_1563568319,0.0,0.0
dish_1562947020,0.0,0.0
dish_1562777566,0.0,0.0389314
dish_1558115825,0.0,0.0
dish_1558030910,0.0,0.0
dish_1564675193,76.921164860909,77.148605
dish_1566414291,0.0,0.08894283
dish_1551235946,16.377615842724794,16.514467
dish_1561493975,0.0,0.0
dish_1551373253,0.0,0.0
dish_1560369294,53.35774852928085,44.700195
dish_1551137277,0.0,0.0
dish_1566587714,95.0,95.739746
dish_1563381461,0.0,0.0
dish_1551228669,12.25370423727641,17.48917
dish_1563897981,0.0,0.0
dish_1562702892,5.679754563549082,13.242633
dish_1558640373,6.443774590161738,6.8900104
dish_1560443565,0.0,0.0
dish_1558030971,4.559696052143096,5.936885
dish_1551494035,0.0,0.12871148
dish_1550705580,49.356799989608746,49.268787
dish_1561575908,0.0,0.008809233
dish_1563909550,0.0,0.073767394
dish_1567022114,6.993983525555564,7.488221
dish_1560453356,95.0,95.90663
dish_1558723475,6.367234352162683,6.8610597
dish_1563305982,95.0,96.09245
dish_1550862399,0.0,0.0
dish_1551134987,0.0,0.01685157
dish_1551374712,13.229367302646551,13.413108
dish_1562690950,0.0,0.0
dish_1550797692,0.0,0.0
dish_1568147044,0.0,0.0
dish_1564514906,11.022021951362632,10.934907
dish_1558373352,0.0,0.0
dish_1562179966,0.0,0.0
dish_1551233095,24.4417981085669,24.705523
dish_1562700568,81.27121918629923,84.49525
dish_1558639949,6.367234352162683,6.8610597
dish_1564686966,0.0,0.0
dish_1563294547,0.0,0.0
dish_1568141871,0.0,0.008809233
dish_1563382911,0.0,0.101856574
dish_1561662054,22.793795380489527,26.31739
dish_1560455030,0.0,0.0
dish_1561575474,1.9950953358772097,3.9957747
dish_1565972591,0.0,0.0
dish_1550876012,85.0,83.823524
dish_1563381680,0.0,0.08663404
dish_1562611680,27.176680453547654,41.53957
dish_1568144828,0.0,0.7742451
dish_1550708440,0.0,0.01005177
dish_1551307090,0.0,0.0
dish_1560453174,64.54885399428491,64.82252
dish_1551226363,8.04766898940332,7.99655
dish_1558549773,12.523681926039515,11.440197
dish_1563822597,7.483627971439191,7.6406417
dish_1551489812,0.0,0.0
dish_1566417516,39.04080626467734,36.177574
dish_1563996485,5.37544704006325,6.5377426
dish_1563998210,41.40371527746495,42.760155
dish_1558459115,0.0,0.0
dish_1564082178,46.04539082809889,45.43906
dish_1558723777,0.0,0.15445821
dish_1562873028,51.266686827089586,42.828434
dish_1558115867,0.0,0.058459595
dish_1561580370,0.0,0.5615208
dish_1566502211,15.429699617343118,15.391453
dish_1551563213,70.9214032989778,70.32744
dish_1550775318,0.0,0.060100935
dish_1565383026,0.0,2.315629
dish_1558642089,0.0,0.0
dish_1558723866,3.2293673026465513,4.2991996
dish_1551380950,0.0,0.08663404
dish_1559319860,0.0,0.08663404
dish_1559242568,0.0,0.0
dish_1563824339,0.0,1.1637203
dish_1562094621,3.2293673026465513,4.331945
dish_1550707156,0.0,0.0
dish_1560527191,0.0,0.0
dish_1558546663,0.0,0.0061598653
dish_1551393210,0.0,0.0
dish_1568314823,0.0,0.0
dish_1563468299,11.876093469513208,11.366738
dish_1551323574,0.0,0.0
dish_1551491271,59.510172743698206,60.710266
dish_1558723414,0.0,0.0
dish_1562691674,54.29308192038201,54.5359
dish_1562602860,23.564392133719586,22.778927
dish_1568217372,0.0,0.0
dish_1563395480,85.0,84.61185
dish_1558719994,0.0,0.058459595
dish_1562960520,58.2753888611344,57.793095
dish_1566488928,0.0,0.0
dish_1558031302,0.0,0.0
dish_1563910171,71.5105870368395,66.926926
dish_1551392590,14.4417981085669,14.168312
dish_1558116201,0.0,0.031358115
dish_1550777469,0.0,0.6105071
dish_1562008813,0.0,1.7663065
dish_1551391710,0.0,0.08663404
dish_1568061202,0.0,0.0
dish_1562785132,0.0,3.4996297
dish_1559233102,0.0,0.0
dish_1558639787,3.2293673026465513,4.2991996
dish_1567542876,0.0,0.0
dish_1561577573,0.0,0.0
dish_1550776957,0.0,0.2772827
dish_1551395800,0.0,0.0
dish_1558115011,0.0,0.058459595
dish_1565638323,0.0,2.109661
dish_1550773394,4.7723531383212645,5.1770744
dish_1566416421,16.944158407799122,15.265375
dish_1561661347,9.744871633515572,8.455011
dish_1566931586,85.0,84.51109
dish_1551493723,0.0,0.031358115
dish_1563908923,15.429695407630675,15.391453
dish_1551318068,0.0,0.0
dish_1561061687,85.0,84.84019
dish_1558115448,0.0,0.0
dish_1551228830,0.0,0.0
dish_1561575613,0.0,0.0
dish_1566245437,74.47253736656208,71.668915
dish_1550706583,39.35680623461601,38.887604
dish_1558639335,0.0,0.15445821
dish_1563382953,0.0,0.0
dish_1550710342,85.0,84.26971
dish_1558725403,0.0,0.058459595
dish_1550710715,0.0,0.098019734
dish_1551303476,0.0,14.281274
dish_1550776767,0.0,0.08663404
dish_1551141628,0.0,0.0
dish_1551123986,0.0,0.0
dish_1550788827,0.0,0.0
dish_1558628921,0.0,0.0
dish_1561662814,0.0,0.06874529
dish_1560366438,3.97111287936832,6.551352
dish_1566931140,3.6651065456065908,6.1267066
dish_1560360112,0.0,0.0
dish_1550788264,0.0,0.15445821
dish_1562611853,10.088305452503775,10.553445
dish_1551374560,0.0,0.0
dish_1560369146,43.36617928100576,49.502876
dish_1562783691,85.0,83.72856
dish_1565023128,0.0,0.0
dish_1559158354,8.04766898940332,7.99655
dish_1562007842,4.752396801623092,7.411247
dish_1561580431,76.8317363747251,79.09532
dish_1562788010,2.016979336117913,1.9808908
dish_1562702853,0.0,0.0
dish_1565627751,0.0,0.0
dish_1562861174,0.0,1.2022098
dish_1567785165,0.0,0.0
dish_1551567604,0.0,0.0
dish_1564083459,0.0,0.109281816
dish_1558637865,0.0,0.0
dish_1563997327,0.0,0.0
dish_1566934120,31.780949044336893,28.339182
dish_1563910639,47.32175841184336,48.95475
dish_1559244649,0.0,1.2380335
dish_1563998513,83.0387168771768,82.37264
dish_1551142128,0.0,0.01005177
dish_1562170356,0.0,0.0
dish_1562963517,3.090651415124867,6.6248817
dish_1551376892,0.0,0.0
dish_1561492161,0.0,0.0
dish_1562691064,0.0,0.0
dish_1562777000,0.0,0.0
dish_1563220109,0.0,0.8458526
dish_1562096542,3.8701931335187396,6.138716
dish_1562961588,0.0,0.10696836
dish_1563823860,2.0529469458626295,2.1371894
dish_1565640601,85.0,85.06156
dish_1561753275,79.7428048512988,80.749916
dish_1550875968,0.0,0.0
dish_1564170071,0.0,0.0
dish_1561667430,0.0,0.0
dish_1550771387,0.0,2.565329
dish_1565032680,0.0,0.0
dish_1561134128,0.0,0.0
dish_1558550218,0.0,0.0
dish_1562963006,1.8730066499359594,5.618373
dish_1550795361,0.0,0.0
dish_1560541760,84.90000128500098,84.24526
dish_1551313896,0.0,0.0
dish_1564687090,52.46300404156119,57.150227
dish_1565725244,85.0,84.69198
dish_1563302447,81.44559028239122,81.584724
dish_1562872150,14.4417981085669,14.168312
dish_1566246415,6.3776158427247935,6.762937
dish_1550796686,0.0,0.15445821
dish_1562613403,46.318309363648495,44.469685
dish_1551389387,0.0,0.0
dish_1563391708,0.0,0.0
dish_1563378660,0.0,0.0
dish_1551236550,0.0,0.0
dish_1563566810,0.0,0.0
dish_1561148042,6.746034411773053,18.921558
dish_1562614895,8.04766898940332,7.99655
dish_1568313487,6.3776158427247935,6.762937
dish_1568143612,3.492206573099253,7.158272
dish_1566590007,2.550085151561831,12.452764
dish_1566844850,40.489401130450354,42.238873
dish_1561752481,0.0,0.0
dish_1551233610,0.0,0.0
dish_1550876969,0.0,0.0
dish_1550788591,39.127500453328054,35.378696
dish_1550796731,0.0,0.0
dish_1558468401,0.0,0.0
dish_1560798785,9.920391928801138,9.752295
dish_1565379377,85.0,84.21865
dish_1565725123,85.0,84.406525
dish_1550705786,0.0,0.060100935
dish_1551378449,0.0,0.0
dish_1564160161,0.0,0.0
dish_1565207896,60.27598029212885,62.140953
dish_1560788338,85.0,84.23833
dish_1550710542,19.016140072315523,18.06344
dish_1558115364,2.206627287817838,8.697176
dish_1563811662,54.80679590451771,53.940723
dish_1563478751,0.0,0.0
dish_1561148021,0.0,5.7951922
dish_1558381860,0.0,0.0
dish_1568315988,85.0,84.43459
dish_1551122614,17.465101986435812,17.356047
dish_1558723073,0.0,0.0
dish_1550713174,0.0,0.0
dish_1564685450,0.0,0.116479926
dish_1551226013,17.465101986435812,17.356047
dish_1565023182,0.0,0.14282818
dish_1551236657,14.4417981085669,14.168312
dish_1558027057,0.0,0.055503406
dish_1551490433,6.3776158427247935,6.767936
dish_1560887457,0.0,0.0
dish_1567625343,0.7838718849242383,3.9557588
dish_1568405430,0.0,0.0
dish_1558468589,14.4417981085669,14.168312
dish_1558468435,8.04766898940332,7.99655
dish_1551564543,0.0,0.0
dish_1566931650,73.60573005185616,72.182465
dish_1551318377,0.0,0.0
dish_1566230222,85.0,84.50025
dish_1551221801,0.0,0.0
dish_1561666640,0.0,0.0
dish_1561665706,0.0,0.0
dish_1558636028,0.0,0.055798873
dish_1564685229,0.0,0.0
dish_1566587102,58.047190325663905,57.610226
dish_1551225714,0.0,0.0
dish_1562603536,0.0,0.08663404
dish_1564170098,0.0,1.50902
dish_1563910276,47.32177630733115,48.95475
dish_1558722322,0.0,0.0
dish_1566419546,0.0,0.0
dish_1561580322,18.541276008890094,18.2516
dish_1563480534,67.21260424395312,63.921955
dish_1566501153,0.0,0.0
dish_1562008936,15.429695407630675,15.391453
dish_1550791822,0.0,0.029743513
dish_1551135590,4.7723531383212645,5.1770744
dish_1560801041,0.0,0.0
dish_1563897047,85.0,84.50025
dish_1550772314,27.05541461594676,27.405388
dish_1558381084,0.0,0.0
dish_1551564221,0.0,0.0
dish_1550773949,0.0,0.0
dish_1551492732,0.0,0.0
dish_1566500988,2.4334187818413824,2.005075
dish_1565119439,0.0,0.0
dish_1564775147,0.0,0.27919462
dish_1568217325,0.0,0.0
dish_1565640868,85.0,84.646614
dish_1551373181,0.0,0.0
dish_1558114937,6.3776158427247935,6.762937
dish_1558379182,0.0,0.058459595
dish_1563389413,8.04766898940332,7.99655
dish_1561579673,38.37687462915945,34.40348
dish_1551226101,0.0,0.0
dish_1568132601,0.0,0.0
dish_1558628956,54.50697964008373,54.600353
dish_1567537422,1.81543209241471,3.4946814
dish_1561579576,0.09201190695118555,0.35994074
dish_1551377094,0.0,0.0
dish_1563827482,7.823228229339378,13.132016
dish_1551322577,0.0,0.0
dish_1551390802,0.0,0.0
dish_1550785404,0.0,0.0
dish_1558630737,3.2293673026465513,4.2991996
dish_1568405499,56.46254567473889,54.653732
dish_1563216659,85.0,84.225655
dish_1558723568,0.0,0.0
dish_1558026623,0.0,0.0
dish_1562008429,34.26972193499772,37.993618
dish_1565637578,72.01191258786147,54.37858
dish_1561578898,0.0,0.0
dish_1561404956,85.0,83.69782
dish_1558638844,0.0,0.15445821
dish_1558379273,0.0,0.031358115
dish_1551142547,66.41022592062147,52.699757
dish_1563900205,27.36187811514408,26.378012
dish_1561580278,15.429695407630675,15.391453
dish_1550707357,0.0,0.0
dish_1566316612,0.0,0.0
dish_1562945499,19.12906316556277,22.404484
dish_1560368162,0.0,0.3246536
dish_1565031283,0.0,0.0
dish_1551565720,78.13501426961454,81.4952
dish_1550777713,0.0,0.0
dish_1559232986,0.0,0.08663404
dish_1561578188,0.35188885812530657,0.3387202
dish_1551136396,40.297108523168106,48.63288
dish_1551222833,0.0,0.0
dish_1562690886,7.552003882806559,8.820947
dish_1551395766,0.0,0.0
dish_1560543625,85.0,84.259605
dish_1559932674,0.0,0.0
dish_1566931620,85.0,84.21242
dish_1551493311,0.0,0.35410404
dish_1550711314,13.249179287847738,11.486153
dish_1551303285,0.0,0.029743513
dish_1561491180,38.67233912436249,35.27896
dish_1558725702,17.465101986435812,17.356047
dish_1562789240,0.0,0.0
dish_1550863078,0.0,0.0
dish_1560455380,6.705578244168464,8.631649
dish_1563897395,0.0,0.0
dish_1565382733,0.0,0.013749303
dish_1550708327,15.859945305651593,15.865009
dish_1563221443,0.0,0.013749303
dish_1562875211,0.0,0.4441802
dish_1561492519,0.0,2.1310046
dish_1561997248,0.0,0.08663404
dish_1558723719,0.0,0.058459595
dish_1550771191,0.0,0.08663404
dish_1562691566,57.62568124501476,60.128906
dish_1563909507,4.109706387949487,5.5147433
dish_1566414723,50.62267798407237,49.575726
dish_1564589025,0.0,0.0
dish_1563822636,85.0,84.421814
dish_1558115512,0.0,0.031358115
dish_1564588533,19.781299594581014,21.67315
dish_1558544427,0.0,0.0
dish_1564601569,0.0,0.9071793
dish_1561480414,0.0,1.8087866
dish_1561407208,50.94427364336214,50.600887
dish_1564589308,0.0,0.0
dish_1558379391,0.0,0.73205274
dish_1550707056,0.0,0.031358115
dish_1551395396,6.3776158427247935,6.767936
dish_1563897369,0.0,0.0
dish_1551565096,54.661896612182005,38.491917
dish_1551324180,3.2293673026465513,4.2991996
dish_1550711688,0.0,0.0
dish_1563908996,85.0,84.201485
dish_1565035830,85.0,84.60163
dish_1551224380,0.0,0.098019734
dish_1565898590,57.06783902156704,59.18098
dish_1558718974,0.0,0.058459595
dish_1551494147,0.0,0.0
dish_1551223394,0.0,0.13372567
dish_1550774895,0.0,0.0
dish_1550861458,0.0,0.0
dish_1566590987,20.915878094010623,31.6591
dish_1567110665,43.289231529163565,43.02389
dish_1559925174,0.0,0.08422826
dish_1550874829,0.0,0.0
dish_1550713423,0.0,0.0
dish_1567019993,16.92909560356881,17.149052
dish_1565811335,9.633489487709113,9.7683935
dish_1563221086,61.826175923579044,60.03446
dish_1551565068,54.66188557180564,38.491917
dish_1551392884,0.0,0.0
dish_1565036922,0.0,0.08030428
dish_1563220802,85.0,83.95857
dish_1562691613,9.15080912893302,7.3946824
dish_1559843222,0.0,0.0
dish_1560455421,29.242836656293235,42.41844
dish_1562959517,0.0,0.0
dish_1566413321,12.523681926039515,11.440197
dish_1561746876,0.0,0.0
dish_1562788732,0.0,3.4996297
dish_1568060542,70.19354948352608,62.25194
dish_1566402095,85.0,83.87971
dish_1566501012,0.0,1.0930487
dish_1550773284,0.0,0.0
dish_1562945779,0.0,0.0
dish_1566317775,0.0,0.0
dish_1558115915,0.0,0.031358115
dish_1558719298,0.0,0.058459595
dish_1550791214,12.076091895133374,20.170498
dish_1559589902,11.958001577556047,10.396952
dish_1567525681,0.0,1.4799144
dish_1565898361,0.0,0.0
dish_1560529825,0.0,0.0
dish_1562774504,0.0,0.264934
dish_1562872945,38.60654582122314,29.66815
dish_1563996509,85.0,83.93744
dish_1561999287,7.552013742305718,8.820947
dish_1562700496,3.2293673026465513,4.2991996
dish_1559846034,8.04766898940332,7.99655
dish_1551233403,6.5651516244879105,7.404299
dish_1562086740,0.0,0.0
dish_1561574974,0.0,0.0
dish_1551379045,3.6544530411719336,4.584302
dish_1562945900,0.0,0.0
dish_1561576212,0.0,0.0
dish_1551566464,3.2293673026465513,4.2991996
dish_1563218031,85.0,84.92338
dish_1563823814,0.0,0.0
dish_1560444914,0.0,0.0
dish_1551221892,45.554481090328785,35.959904
dish_1566591048,0.0,0.0
dish_1565107066,0.0,0.0
dish_1561481577,0.0,0.08663404
dish_1561737839,0.0,0.08422826
dish_1550796152,0.0,0.0835726
dish_1561405887,26.87074207592368,35.25964
dish_1551381249,0.0,0.0
dish_1559845637,0.0,0.0
dish_1558372695,0.0,0.031358115
dish_1558373074,85.0,84.4111
dish_1559849053,0.0,0.0
dish_1550795331,0.0,0.15445821
dish_1568401199,71.56963705975728,69.95315
dish_1566332116,0.09522617226988928,2.47838
dish_1551382115,0.0,0.029743513
dish_1550774244,0.0,0.0
dish_1565972363,85.0,84.50025
dish_1559319902,0.0,0.01005177
dish_1563996464,5.303504570123536,7.206885
dish_1561663990,46.04539057311178,45.43906
dish_1550710664,0.0,0.0
dish_1562774159,0.0,0.0
dish_1560527950,0.0,0.0
dish_1561062286,0.0,2.321867
dish_1551392752,0.0,0.0
dish_1551228715,2.253704237276409,11.859479
dish_1551566083,0.0,0.0
dish_1551133870,0.0,0.0
dish_1562862550,11.946911307503854,5.298019
dish_1562687527,1.8715250242079406,1.6021209
dish_1565727765,7.849040311957836,7.47911
dish_1561404438,0.0,0.0
dish_1551323662,85.0,84.18987
dish_1551563925,59.510169979479556,60.710266
dish_1550772270,27.05541461594676,27.405388
dish_1551399449,0.0,0.27238262
dish_1560455224,0.0,0.0
dish_1558641211,0.0,0.0
dish_1567107049,0.0,0.36961663
dish_1567537457,19.385664610328405,16.757656
dish_1563305321,0.0,1.0050822
dish_1558630600,0.0,0.15445821
dish_1566328894,0.0,0.10696836
dish_1550712622,0.0,0.0
dish_1567022147,0.07042073358941536,0.28318512
dish_1559841023,0.0,0.0
dish_1567542914,0.0,0.0
dish_1566931674,0.0,0.0
dish_1560270630,0.0,0.0
dish_1565898723,85.0,84.1588
dish_1551393069,0.0,0.029743513
dish_1561997900,0.0,0.0
dish_1550771606,0.0,0.060100935
dish_1565107119,85.0,84.59095
dish_1565020755,0.0,0.08663404
dish_1565119642,9.344296749046634,8.545816
dish_1562950018,0.0,0.0
dish_1551493159,0.0,0.031358115
dish_1567801748,0.0,0.0
dish_1559844063,0.0,0.0
dish_1559848857,0.0,0.0
dish_1561407312,65.7308519526207,59.757393
dish_1562009894,0.0,0.0
dish_1568048053,0.0,0.0
dish_1558115282,85.0,84.4111
dish_1551235669,0.0,0.08663404
dish_1559158425,12.52368192603953,11.440197
dish_1551221853,3.2293673026465513,4.2991996
dish_1550793192,0.0,0.15445821
dish_1560975491,15.429695407630675,15.391453
dish_1563813360,0.0,0.0
dish_1551317589,0.0,0.0
dish_1550861670,0.0,0.0
dish_1550779336,0.0,0.0
dish_1551319895,0.0,0.0
dish_1559240875,0.0,0.0
dish_1567785622,0.0,0.08422826
dish_1565809033,85.0,84.33341
dish_1568233403,6.3776158427247935,6.762937
dish_1562785159,38.39998303887279,38.36541
dish_1560455179,0.0,1.6353287
dish_1558637351,0.0,0.15445821
dish_1565118096,85.0,82.75891
dish_1551235759,85.0,83.337814
dish_1550774815,0.0,0.08422826
dish_1562690144,0.0,0.0
dish_1558461760,0.0,0.0
dish_1559751744,73.92944263442338,71.45733
dish_1550706237,0.0,0.098019734
dish_1563206409,0.0,0.0
dish_1565031338,39.88425769164818,41.160156
dish_1565382969,12.52368192603953,11.440197
dish_1560366998,0.0,0.0
dish_1565896745,0.0,0.0
dish_1550862908,0.0,0.08422826
dish_1551564423,0.0,0.0
dish_1560526472,0.0,0.0
dish_1550712877,0.0,0.0
dish_1559844928,0.0,0.0
dish_1561480460,40.67697545220705,39.445114
dish_1551222527,3.2293673026465513,4.2991996
dish_1562602627,0.0,0.0
dish_1562788536,0.0,0.0
dish_1558113255,0.0,0.0
dish_1550873434,39.35680462999063,38.887604
dish_1565811025,77.67065271518968,78.33821
dish_1566851584,0.0,4.0348372
dish_1565020926,4.138161681509317,5.8784795
dish_1562173411,0.0,0.0
dish_1559590130,81.02201452209084,80.500885
dish_1568047973,29.420982321813995,24.619104
dish_1565034681,0.0,0.0
dish_1565627800,83.3176111330597,82.381065
dish_1551379408,59.49470069399514,59.677338
dish_1562086037,0.0,0.08422826
dish_1550777256,0.0,0.0
dish_1551324331,85.0,84.22762
dish_1558639673,0.0,0.0
dish_1551567106,0.0,0.060100935
dish_1564073641,0.0,0.0
dish_1560874751,0.0,0.0
dish_1565981898,26.418873076598715,29.440224
dish_1551304456,0.0,0.6105071
dish_1558641358,3.2293673026465513,4.2991996
dish_1558724853,17.465101986435798,17.356047
dish_1562008476,85.0,84.411644
dish_1550797094,8.04766898940332,7.99655
dish_1551234288,5.603132121891207,5.673658
dish_1564689138,0.0,0.0
dish_1563897938,0.0,0.08663404
dish_1562686548,11.116594206202976,10.103752
dish_1568229399,0.0,0.0
dish_1550859356,0.0,0.031358115
dish_1550862495,0.0,0.0
dish_1560453150,0.0,0.736502
dish_1561749778,85.0,84.63711
dish_1551563723,0.0,0.01005177
dish_1565383159,0.0,0.0
dish_1551375715,0.0,0.0
dish_1561575192,4.499566775324823,6.524836
dish_1565207694,66.04958877565328,63.596424
dish_1560444637,0.0,0.0
dish_1558641253,0.0,0.0
dish_1559235771,0.0,0.0
dish_1562700593,54.670764834692335,57.17075
dish_1565382762,0.0,0.38222998
dish_1550712459,0.0,10.441894
dish_1550777025,0.0,0.0
dish_1565208611,16.045138867444052,16.131853
dish_1551390528,3.2293673026465513,4.2991996
dish_1558380058,0.0,0.058459595
dish_1550793023,0.0,0.0
dish_1551228478,0.0,0.0
dish_1550781280,8.04766898940332,7.99655
dish_1567108037,0.0,0.0
dish_1550778646,0.0,0.0
dish_1558630450,0.0,0.0
dish_1563827188,85.0,84.81593
dish_1568305198,0.0,0.0
dish_1562875159,0.0,0.10696836
dish_1551224283,3.2293673026465513,4.2991996
dish_1558116547,85.0,84.4111
dish_1566501067,18.213493948566963,23.435709
dish_1558639979,0.0,0.058459595
dish_1560529804,0.0,0.0
dish_1551394835,0.0,0.0
dish_1551493680,0.0,0.0
dish_1565726949,64.81494956927965,63.61253
dish_1563218987,0.0,0.0
dish_1551134622,0.0,0.0
dish_1551232686,59.510165804945416,60.710266
dish_1564170283,0.0,0.18741769
dish_1565728494,0.0,0.0
dish_1558380152,85.0,84.4111
dish_1564082212,37.96612757057267,40.2223
dish_1551566642,0.0,0.0
dish_1562614088,8.04766898940332,7.99655
dish_1563222850,26.14815977137627,33.739
dish_1564775216,0.0,0.0
dish_1558630176,0.0,0.15445821
dish_1565194781,71.3684010375051,69.72711
dish_1568404850,0.0,0.0
dish_1563391333,0.0,0.0
dish_1568666263,5.254602961478881,5.616514
dish_1567107989,0.0,0.11673577
dish_1551399340,0.0,0.0
dish_1565638365,2.064498221343001,6.6593137
dish_1550793245,0.0,0.0
dish_1551399402,0.0,0.6105071
dish_1551565168,3.2293673026465513,4.2991996
dish_1566589933,85.0,84.43459
dish_1562617370,0.0,0.013749303
dish_1562788760,0.0,0.0
dish_1561662532,0.0,0.05381167
dish_1551125258,17.465101986435812,17.356047
dish_1561577848,41.403735897408595,42.760155
dish_1551395194,85.0,84.033
dish_1566244964,68.21105064626876,68.08979
dish_1559841127,71.97349106999553,70.53216
dish_1551564053,71.92299983595746,70.29262
dish_1561576652,0.0,0.21530023
dish_1551390872,0.0,0.0
dish_1559667948,0.0,0.0
dish_1561567086,0.0,0.0
dish_1551123072,0.0,0.0
dish_1563303386,84.0526301797585,84.20518
dish_1567525744,0.0,1.5915524
dish_1564590226,0.0,0.0
dish_1550706096,4.7723531383212645,5.1770744
dish_1559243139,0.0,1.0590053
dish_1550712585,4.7723531383212645,5.1770744
dish_1562702091,0.0,0.36494395
dish_1563304881,38.65883715291491,40.339302
dish_1565641844,0.0,0.10696836
dish_1562700931,0.8749890868161287,2.8576882
dish_1558724766,0.0,0.15445821
dish_1551225541,17.38693205274221,23.320793
dish_1561576737,83.61813458694348,83.119484
dish_1550712486,0.0,10.441894
dish_1551304571,0.0,0.0
dish_1563465805,0.0,0.0
dish_1560888849,45.95479671075636,45.947674
dish_1550771330,0.0,0.0
dish_1551321757,0.0,0.0
dish_1558031526,0.0,0.055503406
dish_1561580406,83.05532749620633,82.29447
dish_1551223023,0.0,0.0
dish_1551139325,60.24904019743036,62.419617
dish_1562862529,47.09321414179828,52.529053
dish_1560961059,0.0,0.0
dish_1566333118,0.0,0.10696836
dish_1559849020,0.0,0.0
dish_1562690112,0.0,0.0
dish_1551235270,0.0,0.0010800384
dish_1566835701,70.63381680675477,68.41581
dish_1563294465,0.0,0.34769154
dish_1563216381,8.04766898940332,7.99655
dish_1561654756,63.08038599325434,64.8807
dish_1560801020,0.0,1.6085241
dish_1551392347,0.0,0.08422826
dish_1565812186,85.0,83.80904
dish_1551377209,85.0,84.36917
dish_1551378018,6.3776158427247935,6.767936
dish_1566331868,72.00825391934214,57.728394
dish_1566245365,0.0,0.0
dish_1566849862,0.0,0.0
dish_1551565529,59.62140411298634,62.361893
dish_1551566753,85.0,83.99578
dish_1563565805,23.998145272251847,23.278538
dish_1566329257,44.471272000733194,44.956944
dish_1563295360,0.0,0.0
dish_1563378073,48.84701895421783,49.232147
dish_1550874079,0.0,0.0
dish_1560539396,51.179447827358075,48.866634
dish_1561060558,0.0,2.9939353
dish_1551563337,0.0,0.031358115
dish_1551488103,0.0,0.0
dish_1558640882,0.0,0.0
dish_1558638163,0.0,0.0
dish_1558630867,0.0,0.15445821
dish_1566415591,41.86768983873118,39.349243
dish_1559061675,0.0,0.0
dish_1551486571,0.0,0.0
dish_1550778172,34.12583760599378,31.605059
dish_1563898880,0.0,0.0
dish_1551122795,0.0,0.0
dish_1551566524,85.0,84.13041
dish_1562689519,85.0,84.3821
dish_1558639588,0.0,0.058459595
dish_1563307488,0.0,0.0
dish_1566419603,0.0,0.0
dish_1550772367,0.0,0.08663404
dish_1558031237,0.0,0.0
dish_1559157919,0.0,0.0
dish_1551381877,0.0,0.0
dish_1551136814,0.0,0.7556503
dish_1565896701,0.0,0.0
dish_1558641391,0.0,0.0
dish_1551492056,48.684264320690644,46.353924
dish_1566332154,85.0,84.41565
dish_1563824092,0.0,0.0
dish_1550711244,0.0,0.0
dish_1558630814,0.0,0.058459595
dish_1551323487,85.0,84.033
dish_1558720335,0.0,0.0
dish_1564590254,0.0,0.0
dish_1565711183,85.0,84.246445
dish_1551490503,0.0,0.0
dish_1551318673,4.360531234086679,5.5699406
dish_1563909580,0.0,0.0
dish_1566838317,0.0,0.0
dish_1564083480,0.0,0.0
dish_1551384080,0.0,0.01005177
dish_1567785709,0.0,0.0
dish_1559934708,85.0,84.251526
dish_1551237321,9.399599250508345,12.589433
dish_1559674866,0.3783582932031351,0.36762598
dish_1551222068,0.0,0.0
dish_1551314390,0.0,0.0
dish_1563378690,0.0,0.019679505
dish_1562784388,0.0,0.0
dish_1560270537,0.0,0.01005177
dish_1551134138,26.80971281010352,24.529287
dish_1562785184,67.17686883984004,64.21703
dish_1562008738,4.4595687186470485,6.445522
dish_1566328745,66.64477983323454,62.79096
dish_1561740353,0.0,1.2285695
dish_1550708702,0.0,0.0
dish_1561736736,0.0,0.019781873
dish_1550876055,85.0,83.823524
dish_1563551006,0.0,0.0
dish_1564415499,0.0,0.0
dish_1551488485,55.32331652306749,58.5973
dish_1566587662,9.344296749046634,8.545816
dish_1559062005,0.0,0.0
dish_1551392519,85.0,84.43459
dish_1568144612,8.04766898940332,7.99655
dish_1567612986,79.17965572137544,80.78674
dish_1563480476,47.32177510794106,48.95475
dish_1565637162,0.0,0.0
dish_1566246541,66.57362315153333,64.22284
dish_1561662842,50.88551297890265,50.56886
dish_1561147967,0.0,0.008147002
dish_1565207727,0.0,6.0708175
dish_1563476408,0.0,5.5346084
dish_1564518454,0.0,0.10696836
dish_1562873002,51.282215166062585,41.948006
dish_1565020822,66.26528307288504,65.690636
dish_1551491090,21.74761543020219,22.04205
dish_1559846363,0.0,0.0
dish_1551391337,85.0,84.29733
dish_1551493854,0.0,0.031358115
dish_1562958721,0.0,0.0
dish_1562961609,0.0,0.4514343
dish_1563294987,0.0,0.08663404
dish_1551304197,37.81389458502171,32.50323
dish_1551378179,0.0,0.54834706
dish_1565884766,85.0,84.00192
dish_1563294408,0.0,0.01005177
dish_1563812615,85.0,84.129265
dish_1566835641,85.0,84.16941
dish_1568060414,3.2544276604919418,4.513575
dish_1551563511,0.0,0.0
dish_1551235561,0.0,0.6292198
dish_1551391758,63.956673659861536,63.304768
dish_1550770222,8.04766898940332,7.99655
dish_1551564857,0.0,0.0
dish_1558376768,85.0,84.4111
dish_1551318504,3.2293673026465513,4.2991996
dish_1561996647,0.0,0.0
dish_1566849295,0.0,0.0
dish_1551137431,0.0,0.098019734
dish_1559844323,0.0,0.07015169
dish_1558029686,0.0,0.08663404
dish_1551491216,0.0,0.0
dish_1565382833,0.0,0.0
dish_1551313872,0.0,0.0
dish_1551563890,85.0,84.09838
dish_1551224175,12.418681536703886,11.547614
dish_1561741090,72.60424768067402,73.92506
dish_1562085132,0.0,0.08663404
dish_1551490544,0.0,0.0
dish_1551234214,0.0,0.0
dish_1566587182,0.0,4.3219414
dish_1550779153,8.04766898940332,7.99655
dish_1550792194,0.0,0.0
dish_1558382263,61.257676371061805,62.144283
dish_1550778401,0.0,0.0
dish_1558114484,0.0,0.08663404
dish_1560798815,14.21199550203012,9.679794
dish_1551395909,6.3776158427247935,6.767936
dish_1550875347,0.0,5.228307
dish_1563378435,0.0,0.5027588
dish_1560367698,0.0,3.4040592
dish_1558379712,0.0,0.058459595
dish_1567612954,0.0,0.0
dish_1561663606,44.486601144837174,43.695
dish_1558116436,0.0,0.08663404
dish_1561481673,0.0,0.0
dish_1567625294,0.0,0.0
dish_1557936645,0.0,0.0
dish_1568313640,6.163637362520774,7.000064
dish_1563555563,37.14334350825277,40.66652
dish_1562875898,68.4247532030782,68.179565
dish_1551494058,0.0,0.0
dish_1566242111,0.0,1.9998927
dish_1550771938,4.7723531383212645,5.1770744
dish_1559846585,0.0,0.0
dish_1551392376,13.869746625480829,13.579587
dish_1562686492,0.0,0.0
dish_1563997418,0.0,0.0
dish_1551318543,0.0,0.0
dish_1565724552,1.3894899053183138,0.8560197
dish_1564415140,85.0,84.49369
dish_1565884738,85.0,83.078636
dish_1559239256,0.0,0.0
dish_1562168673,0.0,0.0
dish_1563302391,79.48860476452752,80.98861
dish_1558628711,0.0,0.0
dish_1560357297,0.0,0.0
dish_1550710758,0.0,0.0
dish_1564588820,85.0,84.50025
dish_1550713065,0.0,0.060100935
dish_1550777827,0.0,0.0
dish_1550793300,0.0,0.0
dish_1558722748,0.0,0.0
dish_1563898688,8.04766898940332,7.99655
dish_1565021965,85.0,84.50025
dish_1551134895,0.0,0.0
dish_1561663914,84.32127033524642,84.025055
dish_1550861520,0.0,0.0
dish_1551490670,0.0,0.0
dish_1561060613,82.18455077613733,84.009094
dish_1561575445,0.3685862024095172,0.3387202
dish_1550876619,0.0,0.0
dish_1563475874,0.0,0.0
dish_1563379163,0.0,0.20247261
dish_1550862733,0.0,0.0119525585
dish_1562010394,0.0,0.0
dish_1559593722,0.0,0.0
dish_1561480439,0.0,0.0
dish_1559674781,0.0,0.0
dish_1566244863,3.7721788868955883,4.681021
dish_1560367676,0.0,0.0
dish_1550777418,0.0,0.060100935
dish_1551306375,0.0,0.0
dish_1565378680,0.0,0.0
dish_1565972429,74.16006197318286,75.48033
dish_1566230300,77.18612108476643,78.69203
dish_1562008394,0.0,0.0
dish_1560445004,19.22656769418839,21.882692
dish_1559674074,0.0,0.10696836
dish_1564086709,0.0,0.0
dish_1551494095,39.35680269160323,38.887604
dish_1550785481,0.0,0.0
dish_1566931116,3.2293673026465513,4.2991996
dish_1563468362,23.455269668251077,22.843973
dish_1566849955,0.0,0.79662126
dish_1565117990,50.702426472983035,49.662727
dish_1558460138,0.0,0.0
dish_1562874203,0.0,2.9987295
dish_1564675157,0.0,0.0
dish_1561737248,0.0,0.0
dish_1568666303,85.0,84.328545
dish_1562010130,0.0,0.0
dish_1550706766,85.0,84.26124
dish_1563302420,85.0,84.308464
dish_1551125436,4.927811029053032,5.5151863
dish_1567023335,0.0,0.0
dish_1565727791,80.46503298465926,80.2572
dish_1564675060,0.0,0.0
dish_1551567170,0.0,0.44429922
dish_1551224928,0.0,0.15445821
dish_1551396309,0.0,0.080034256
dish_1563305083,68.95864162603533,67.250534
dish_1565034234,3.2293673026465513,4.2991996
dish_1551395022,39.35680891247465,38.887604
dish_1551138312,0.0,0.0
dish_1550769882,33.31269387508054,34.068474
dish_1562168365,0.0,0.01005177
dish_1566488905,0.0,0.0
dish_1566933180,2.40304696938081,15.309462
dish_1550785526,85.0,83.726974
dish_1551305410,0.0,0.029743513
dish_1561739649,2.1875537601675603,5.4659996
dish_1559238993,0.0,0.08422826
dish_1564686740,0.0,0.0
dish_1550797130,0.0,0.0
dish_1563307519,0.0,0.0
dish_1558116298,0.0,0.7565042
dish_1551493123,0.0,0.0
dish_1551233708,0.0,0.098019734
dish_1560454562,32.3160072765385,30.019997
dish_1560802730,44.99007220284931,44.604816
dish_1551225467,0.0,0.0
dish_1551235699,85.0,83.337814
dish_1551303437,0.0,11.54652
dish_1551316878,0.0,0.0
dish_1567021799,0.0,0.0
dish_1559149615,0.0,0.08663404
dish_1551323866,85.0,84.033
dish_1559332795,0.0,0.0
dish_1565195362,0.0,0.0
dish_1561740385,0.0,1.8369912
dish_1560366963,0.0,0.0
dish_1563984835,35.41186561140192,31.505167
dish_1551488691,0.0,0.0
dish_1562010266,0.0,0.0
dish_1558638137,0.0,0.15445821
dish_1562691000,33.46456705882677,31.064886
dish_1551225281,0.0,0.098019734
dish_1561662926,71.08080787352091,69.02788
dish_1558633158,0.0,0.0
dish_1558725085,0.0,0.0
dish_1565799663,49.78786761364222,49.972954
dish_1565898402,0.0,2.0164065
dish_1550793673,74.00124445225615,79.06717
dish_1550772199,0.0,0.0
dish_1566851677,0.0,1.2642688
dish_1565033189,85.0,84.14162
dish_1558458903,0.0,0.058459595
dish_1561666875,30.23997901098467,32.752007
dish_1560370833,0.0,0.0
dish_1563389742,85.0,83.95644
dish_1550712369,39.35680269160323,38.887604
dish_1561576449,3.2293673026465513,4.2991996
dish_1550772701,0.0,0.6105071
dish_1565972384,85.0,84.40956
dish_1564588889,70.97172468599891,70.30264
dish_1561577701,85.0,84.395256
dish_1567024112,0.0,0.0
dish_1551321793,0.0,0.0
dish_1568314857,0.0,0.0
dish_1557862829,12.523681926039515,11.440197
dish_1551306691,0.30221395728102607,10.042195
dish_1551375596,85.0,84.033
dish_1551316737,0.0,0.029743513
dish_1565641915,0.0,0.0
dish_1551493916,0.0,0.0
dish_1568217267,0.0,0.40709427
dish_1558722398,0.0,0.15445821
dish_1559061752,0.0,0.0
dish_1560889008,0.0,1.0050822
dish_1565724588,2.4859842264874317,3.9892375
dish_1558640039,0.0,0.0
dish_1551487472,0.0,0.0
dish_1563824304,0.0,1.8584085
dish_1558028194,44.87187701244332,54.671383
dish_1563566939,0.0,0.0
dish_1561404485,0.0,0.0
dish_1562086564,37.44998758807879,32.88166
dish_1563221054,0.0,0.0
dish_1560975628,69.70576113599353,59.207794
dish_1561749750,85.0,84.592316
dish_1563221157,85.0,84.62727
dish_1558636544,0.0,0.058459595
dish_1560802092,85.0,84.50232
dish_1564170141,0.0,0.830935
dish_1566333255,42.04576554203853,45.84873
dish_1551375783,85.0,84.585976
dish_1560455263,85.0,85.0246
dish_1561752509,40.70028065745102,42.40416
dish_1563568319,0.0,0.0
dish_1562947020,0.0,0.0
dish_1562777566,0.0,0.077702396
dish_1558115825,0.0,0.0
dish_1558030910,0.0,0.08663404
dish_1564675193,66.921164860909,66.95379
dish_1566414291,0.0,0.0
dish_1551235946,6.3776158427247935,6.762937
dish_1561493975,0.0,0.0
dish_1551373253,0.0,0.08663404
dish_1560369294,43.35774852928085,36.25345
dish_1551137277,0.0,0.0
dish_1566587714,85.0,84.3281
dish_1563381461,0.0,0.0
dish_1551228669,2.253704237276409,11.859479
dish_1563897981,0.0,0.0
dish_1562702892,0.0,9.114272
dish_1558640373,0.0,0.0
dish_1560443565,0.0,0.0
dish_1558030971,0.0,0.0
dish_1551494035,0.0,0.0
dish_1550705580,39.356799989608746,38.887604
dish_1561575908,0.0,0.10696836
dish_1563909550,0.0,0.0
dish_1567022114,0.0,0.0
dish_1560453356,85.0,84.62595
dish_1558723475,0.0,0.0
dish_1563305982,85.0,84.475876
dish_1550862399,0.0,0.0
dish_1551134987,0.0,0.0
dish_1551374712,3.2293673026465513,4.2991996
dish_1562690950,0.0,0.0
dish_1550797692,0.0,0.031358115
dish_1568147044,0.0,0.19207317
dish_1564514906,1.0220219513626319,5.5840464
dish_1558373352,0.0,0.0
dish_1562179966,0.0,0.08663404
dish_1551233095,14.4417981085669,14.168312
dish_1562700568,71.27121918629923,74.73574
dish_1558639949,0.0,0.0
dish_1564686966,0.0,0.0
dish_1563294547,0.0,0.0
dish_1568141871,0.0,0.10696836
dish_1563382911,0.0,0.0
